Timestamp,AxX,AxY,AxZ,GX,GY,GZ
589585,4688,-2280,-13564,-4064,-1571,-517
589379,7144,-1176,-18060,-4048,3031,5965
589481,4324,-352,-12788,-4048,1626,4281
589585,4688,-2280,-13564,-4064,-1571,-517
589379,7144,-1176,-18060,-4048,3031,5965
589481,4324,-352,-12788,-4048,1626,4281
589585,4688,-2280,-13564,-4064,-1571,-517
1,-14800,7820,-18372,-4272,16225,17862
104,-3724,920,-16668,-4304,-7816,7557
206,7872,-5372,-15732,-4336,8477,12420
310,776,2752,-15156,-4336,6479,-1587
413,9236,-4444,-20112,-4336,-686,-13230
516,8936,-3188,-19492,-4352,10416,3811
619,4072,2616,-16036,-4384,-758,7397
721,6140,-6188,-14556,-4384,-1949,-4593
825,10800,-5484,-14028,-4384,10082,-5176
927,7428,2468,-10456,-4384,-435,-378
1031,7076,-5664,-16144,-4416,-2580,-4570
1134,10052,-5384,-15288,-4400,8923,-667
1236,7288,5200,-11564,-4448,5470,6051
1340,3364,-6500,-19316,-4480,-13553,-1529
1442,10260,-4648,-15712,-4432,8490,-2821
1546,8564,-852,-16124,-4432,1561,2962
1649,5128,-3956,-14956,-4480,-1674,8176
1752,3004,-4784,-15856,-4496,7162,-6016
1855,7552,-3312,-18392,-4512,6003,-8927
1957,11220,-2712,-15744,-4528,1693,-2294
2061,10484,-3648,-9088,-4544,460,3745
2164,3312,-2768,-14848,-4544,5077,6295
2267,5584,-648,-15332,-4592,4833,-13439
2370,10532,-3648,-16808,-4592,2471,-3790
2473,8908,-1400,-16812,-4544,1274,5688
2576,5060,-888,-12912,-4592,-4754,6434
2679,244,-5740,-12100,-4592,-1106,-5194
2782,6812,-5540,-16444,-4624,9453,-10547
2885,7348,-968,-17044,-4608,6152,1549
2988,4616,-7204,-18556,-4672,-9031,2285
3091,6372,-6252,-16164,-4624,7817,-5733
3194,9352,1472,-12536,-4640,3213,-1399
3297,8972,-5916,-15044,-4672,303,6274
3400,5464,-332,-12884,-4688,3597,9852
3503,3496,-6112,-16856,-4736,-7306,-3527
3606,13512,-4476,-15880,-4752,13705,3691
3709,7028,3668,-13452,-4736,-5793,5807
3812,6760,-7048,-10056,-4768,-6212,2372
3915,6008,-6304,-14556,-4816,8601,-6106
4019,11252,-1588,-17088,-4848,7175,-10115
4121,13468,-440,-16780,-4880,2434,8939
4225,5256,140,-10868,-4864,-1514,12056
4327,1288,-2544,-9572,-4864,-1521,-2112
4430,8012,-5332,-18144,-4944,4283,-14125
4534,11512,-6748,-20172,-4928,3731,2401
4636,4052,152,-16860,-4992,1454,18639
4740,-156,-5488,-11488,-4992,-7479,-7511
4842,8184,-7828,-15144,-4992,10025,-8771
4945,5040,-732,-20860,-5024,9775,301
5049,10112,-3220,-16068,-5072,-921,-899
5151,5556,-3820,-17820,-5072,1869,8576
5255,6512,-592,-12228,-5104,798,-1189
5357,8388,-3376,-14912,-5104,595,-4486
5460,8780,-252,-15416,-5104,4454,-2067
5563,14188,-1000,-14428,-5120,8063,-1246
5666,10412,2228,-5248,-5120,-2407,7600
5770,3392,-7408,-9832,-5136,3594,431
5872,4632,-4056,-17260,-5168,12128,-13496
5976,11344,-2800,-18404,-5136,4249,-8957
6079,7856,-256,-15260,-5136,-515,9550
6181,4132,-5024,-13340,-5200,-3591,4842
6285,4524,-6500,-14412,-5232,7225,-9312
6387,8916,-1192,-16768,-5184,7669,-7284
6491,10092,-3744,-18040,-5248,-3355,2431
6594,4540,-6424,-19472,-5248,3227,15329
6696,2160,228,-9936,-5296,-1651,-2560
6800,8208,-9940,-17656,-5312,3926,-11887
6902,7836,-1876,-18848,-5312,10949,554
7006,7884,-3144,-15328,-5360,-7017,-5037
7109,8228,-6788,-15180,-5376,2955,6391
7212,1916,4,-11792,-5360,887,5986
7315,3704,-6044,-15116,-5376,-776,-13408
7417,11296,-4444,-19668,-5392,4552,-6091
7521,9488,-1924,-17704,-5424,783,17439
7623,4808,-1976,-1104,-5472,-10293,11150
7727,1104,-10868,-14404,-5488,4989,-9796
7830,8468,-2356,-20248,-5472,10047,-11844
7932,12220,-4204,-19612,-5504,-1179,1250
8036,5592,-4196,-15040,-5552,-2451,14859
8139,1264,-1104,-9824,-5536,-4224,451
8242,8092,-7908,-16720,-5568,2897,-13429
8345,11656,-1836,-18336,-5584,9092,1645
8449,9572,-3696,-18320,-5632,-3156,5036
8551,3776,-1104,-13632,-5632,-3243,9854
8654,2764,-5460,-12592,-5632,-4278,413
8757,5304,-5464,-14088,-5664,3402,-7901
8860,8768,-3032,-18272,-5680,5578,-6537
8964,11488,-8788,-17952,-5712,-2292,2682
9066,2956,-1996,-14036,-5728,-4,10120
9169,3504,-880,-10516,-5712,-3652,-8635
9272,11940,-9184,-18968,-5760,7191,-10496
9375,10944,1652,-18880,-5776,3382,4031
9479,3896,-324,-15848,-5776,-8391,14241
9581,2120,-6804,-12484,-5776,-6609,-2390
9684,6472,-5196,-15604,-5808,7762,-6951
9788,5876,-1764,-17264,-5856,4557,-2973
9890,11856,-5416,-15628,-5856,-429,-3270
9994,8920,-2828,-13988,-5888,1047,9598
10096,2184,-1420,-11784,-5904,-3396,37
10200,7632,-5832,-16136,-5904,3851,-10999
10303,11300,-856,-16012,-5920,7352,-3141
10405,10000,-8040,-19336,-5936,-5318,10119
10509,512,1848,-12176,-6016,1300,10844
10612,3416,-5488,-12388,-6000,-7302,-14107
10715,11800,-9240,-16628,-6000,12983,-2222
10818,3780,4352,-17624,-6016,2496,2414
10921,10612,-10752,-14560,-6000,-8394,164
11024,5680,-1624,-11148,-6032,8116,6619
11127,2476,-1640,-12628,-6064,-2682,-5846
11231,11464,-9268,-18752,-6128,9563,-10956
11333,11592,-884,-16624,-6128,4284,4239
11437,3436,-3308,-16844,-6128,-4673,14395
11540,2408,-5048,-6664,-6160,-6117,-1227
11642,6444,-8832,-15464,-6176,10036,-10966
11746,7416,-40,-19012,-6208,6045,-6631
11849,13520,-7220,-16152,-6224,-3050,1940
11952,3504,-3036,-11840,-6224,-791,15599
12055,1072,-5464,-12088,-6240,531,-7923
12158,9336,-5976,-18228,-6256,7324,-10619
12261,11268,-2892,-18476,-6288,2828,-214
12364,5636,-2796,-19004,-6304,589,16507
12468,-220,-3288,-10600,-6320,-11662,3567
12570,5100,-11740,-16156,-6320,6054,-15621
12674,9020,-3344,-19600,-6352,15016,-5023
12777,11144,-220,-13876,-6352,-2672,2913
12879,4984,-6056,-13676,-6400,-8859,7955
12983,5840,-7172,-12464,-6384,938,-4904
13086,7624,-1812,-14880,-6416,6054,-4984
13189,9000,-2328,-15672,-6448,-1820,203
13292,8832,-5788,-17252,-6448,4478,9556
13395,2944,880,-10312,-6464,-7134,3539
13498,6916,-9556,-13608,-6480,544,-5602
13601,4432,-36,-14772,-6480,6178,-306
13704,5524,-2276,-17008,-6544,-4039,-6070
13807,11696,-11908,-18848,-6528,227,-541
13911,3648,2024,-16536,-6576,7294,7492
14013,2756,-2772,-6320,-6592,-7848,-8776
14116,12852,-4960,-16928,-6608,12627,3900
14220,3796,4728,-14360,-6592,-2497,406
14322,15112,-16692,-16892,-6672,605,-5281
14426,-1380,7496,-14200,-6656,11564,11830
14529,1668,-4940,-15580,-6672,-16117,-10569
14631,11912,-13352,-16576,-6688,13361,-2996
14735,5096,4284,-16908,-6704,11634,2636
14838,8380,-7352,-14628,-6768,-15103,-890
14941,4052,-7296,-13484,-6736,8282,3819
15044,4148,2652,-11996,-6768,-1692,-5781
15148,9792,-10376,-15844,-6800,2434,-93
15250,6656,1424,-16348,-6800,8170,4636
15353,6884,-8012,-16644,-6816,-9201,409
15457,4392,-1052,-11168,-6848,6296,7077
15559,2880,-5212,-12192,-6880,-7716,-6366
15663,7820,-7712,-14624,-6880,8865,-4170
15766,5516,-288,-19396,-6912,825,-4192
15868,13764,-9972,-14392,-6944,-685,6531
15972,-220,1300,-11540,-6912,-939,10356
16074,4764,-7452,-11556,-6928,-3367,-12977
16178,11380,-6472,-18332,-6960,15313,-7495
16281,8244,-92,-18180,-7008,-3989,2944
16384,5196,-5780,-18900,-7024,2393,18877
16487,728,-1616,-10088,-7040,-10925,4062
16590,5924,-11268,-14568,-7056,8439,-12774
16693,7724,776,-21760,-7104,11439,-10457
16796,14436,-6056,-16636,-7072,-5418,5265
16900,4152,-2756,-11840,-7104,-420,14912
17003,1204,-2320,-11612,-7120,-4244,-6191
17105,10456,-9656,-17676,-7104,7819,-13856
17209,11264,1956,-17160,-7120,7140,5095
17312,6164,-8040,-17680,-7168,-4379,8904
17415,2616,2152,-7768,-7200,-2044,560
17518,7308,-10360,-13528,-7216,-600,-7736
17620,7248,-2476,-16444,-7200,12462,-1348
17724,7644,-1892,-18368,-7232,-4024,-71
17827,6688,-9744,-16140,-7216,-1786,10510
17930,2132,604,-10236,-7248,1809,-2619
18033,8852,-5064,-11992,-7264,-2245,-10766
18137,11116,-5516,-17108,-7296,10670,-8
18239,8920,-2472,-16756,-7312,-3555,5759
18342,2596,-6096,-19408,-7312,2978,12861
18446,2224,-924,-11080,-7360,-7401,-2874
18548,6528,-12324,-17252,-7344,5093,-7690
18652,4828,-768,-18384,-7376,7471,-2954
18755,9128,-7300,-18160,-7376,-6262,-1376
18857,6988,-5892,-13720,-7408,4795,9435
18961,2032,-224,-9544,-7424,-3551,-641
19063,6220,-10144,-15832,-7424,2591,-9872
19167,10136,-572,-19072,-7520,8353,-2715
19270,6840,-8628,-19860,-7440,-6072,11307
19373,2628,-1968,-11748,-7520,4262,5256
19476,5384,-4192,-10356,-7504,-3311,-5020
19579,5548,-7232,-16504,-7536,3087,-3494
19682,6892,-2788,-16180,-7536,2960,-5554
19785,13264,-9296,-14448,-7600,-2131,1088
19889,5912,-2172,-12220,-7584,4158,11306
19991,10208,1628,-1208,-7616,-4927,-2351
20094,15544,-6324,-19536,-7600,-2541,-7915
20198,9196,-3592,-19732,-7648,12556,8565
20301,2504,-764,-18416,-7664,-6165,9890
20404,2324,-2336,-12884,-7664,-1558,-2563
20507,6872,-1604,-15968,-7664,-2831,-6514
20610,8244,-2336,-16220,-7712,6081,4635
20713,4752,1668,-14728,-7712,-420,4111
20816,11256,-4396,-13632,-7712,-3541,-4850
20919,8828,-428,-14756,-7776,3278,4839
21022,3852,-1596,-13844,-7776,-4222,-427
21126,9684,-3292,-15776,-7776,6564,-5221
21228,8080,440,-18548,-7776,2046,2973
21331,5812,-3312,-18404,-7792,-1458,8217
21435,4004,928,-9860,-7824,-1173,-901
21537,7540,-5584,-15440,-7872,5356,-7013
21641,6156,204,-16812,-7872,4130,-55
21743,7540,-5596,-17968,-7888,-1874,-2134
21847,11016,-4900,-14924,-7856,3767,4694
21950,812,3412,-10680,-7872,-4580,1394
22052,8312,-9432,-15352,-7888,1711,-8947
22156,7988,1868,-16584,-7920,8992,1023
22258,7320,-4196,-19232,-7952,-6279,-791
22362,5612,-2852,-16912,-7952,6552,11371
22465,2336,-824,-11328,-7984,-8640,325
22567,5576,-7804,-17328,-7968,7177,-11036
22671,3964,500,-21508,-8000,5255,-2433
22774,7892,-5164,-19248,-7984,-2172,1589
22877,4544,-7112,-13480,-8048,-633,11354
22980,2020,284,-12028,-8048,-68,-9334
23083,10816,-6124,-16324,-8048,6194,-2820
23186,5828,3000,-16408,-8064,2638,5636
23289,10428,-7828,-18488,-8048,2296,-1609
23392,6276,6536,-9028,-8080,-1533,3968
23495,2092,-9744,-12852,-8112,-5768,624
23599,4728,-1532,-16188,-8128,7656,-6062
23701,6208,-1544,-17864,-8144,223,-1306
23804,10160,-8740,-15084,-8128,-784,4838
23908,516,-1484,-13736,-8176,1232,4998
24010,6312,-684,-13188,-8160,-2678,-11942
24114,12200,-4684,-13568,-8208,7507,-672
24216,7008,3104,-15844,-8240,2493,3634
24320,9092,-6304,-16576,-8240,255,5394
24423,2552,4912,-11328,-8224,-2799,2360
24525,4876,-11036,-15484,-8272,1724,-7248
24629,6880,1264,-16296,-8256,9792,-1805
24732,7236,-2276,-18468,-8304,-2164,-2542
24835,9236,-9712,-14344,-8288,-3291,8374
24938,1020,4256,-11960,-8304,1017,-1411
25041,8644,-6472,-13592,-8336,-3448,-7123
25144,8692,-3060,-15344,-8320,9415,4915
25247,4620,780,-15880,-8368,-3284,-675
25351,9756,-7868,-18892,-8352,5922,5371
25453,5212,4484,-11888,-8400,-4047,10789
25556,-1768,-10824,-14696,-8416,2531,-9058
25660,9436,-836,-18008,-8400,9737,-10542
25762,10088,-4344,-18564,-8416,1334,2140
25866,5768,-2032,-14436,-8464,-3154,8931
25969,436,-1500,-8112,-8464,-4575,-2191
26072,7744,-7016,-15668,-8464,4011,-10692
26175,7916,1196,-18644,-8464,8043,914
26277,8220,-7332,-19328,-8512,-6686,1891
26381,1880,692,-16104,-8512,7123,11690
26484,2848,-5232,-7696,-8512,-8767,-3323
26587,7880,-4828,-16652,-8576,10700,-5587
26690,6048,1512,-18156,-8560,-325,-3464
26793,13452,-10536,-16520,-8560,-1542,4559
26896,2064,4464,-11824,-8592,2232,11765
26999,1812,-7392,-11744,-8592,-6194,-11183
27103,11212,-5688,-17756,-8640,16740,-8596
27205,9404,1960,-16632,-8624,-1616,-1383
27309,8816,-7824,-20036,-8640,-924,20171
27412,292,-1164,-9068,-8640,-7977,5780
27514,6060,-8900,-13204,-8672,8906,-12848
27618,8388,336,-18152,-8704,5473,-5168
27721,11556,-8332,-19608,-8672,-6206,4547
27824,3896,-1764,-13608,-8720,1408,10720
27927,1100,-1336,-9420,-8720,-9020,-5638
28030,10872,-8720,-16520,-8752,6967,-14728
28133,12008,3356,-18312,-8736,11471,3614
28236,5620,-7016,-17356,-8752,-14579,6454
28340,1408,-2512,-14608,-8752,11699,7242
28443,4784,-1564,-12140,-8784,-10311,-7526
28546,8572,-10156,-16284,-8784,9904,-2683
28649,6160,4136,-17600,-8816,4166,-2823
28752,12116,-9932,-13212,-8816,-7952,4056
28855,2612,-1444,-13868,-8848,5787,6742
28958,4332,-4084,-12096,-8816,-4656,-6416
29062,9464,-5472,-15144,-8848,7887,-3439
29164,7528,-1788,-18068,-8816,-2680,605
29267,7292,-6516,-19004,-8864,5709,10432
29371,2252,3852,-11332,-8896,-4775,2262
29473,7020,-10872,-12164,-8896,3693,-4696
29577,5920,1132,-17312,-8896,7148,-5835
29680,13528,-5392,-17016,-8928,-3005,-3208
29783,4464,-3812,-16916,-8896,135,16120
29886,1636,1532,-8340,-8960,-7557,-8249
29988,12532,-11316,-15820,-8944,9089,-11231
30092,9476,6576,-16320,-8992,8321,2890
30195,10100,-10824,-20736,-8992,-3788,8311
30299,1636,9316,-8116,-8992,-1334,8659
30401,4560,-11916,-11032,-9008,-10758,-5359
30504,4020,-3640,-16100,-9040,14874,-9546
30608,11732,1560,-19476,-9008,-1382,-7410
30710,9668,-10608,-14504,-9040,-4695,13093
30814,-2116,2412,-11760,-9088,2596,4192
30917,7348,-7652,-14744,-9072,-2225,-12728
31020,9936,-3220,-17236,-9104,9959,1999
31123,6448,72,-16508,-9120,-1889,5067
31226,8660,-12772,-16740,-9120,5411,8740
31329,-592,8564,-8248,-9120,-6835,293
31432,5544,-15012,-17060,-9120,-5496,-13471
31536,5888,1028,-17780,-9120,13882,-3931
31638,5748,-1968,-21124,-9152,-10115,4647
31741,6832,-12804,-13228,-9200,-1350,6193
31845,1140,5820,-9620,-9168,3160,3095
31947,8512,-10276,-12468,-9184,-4023,-11007
32051,6592,-516,-17656,-9216,14253,2222
32154,5120,-36,-16840,-9200,-5152,551
32257,12520,-15360,-18808,-9248,9292,3157
32360,-1344,12064,-7468,-9248,-5035,9931
32463,6720,-18216,-12528,-9264,-6880,-9071
32566,2864,996,-20180,-9280,21308,-9233
32669,13544,-6056,-23244,-9296,-8004,-3892
32773,6512,-6768,-16296,-9296,6240,23364
32875,-3748,5192,-6864,-9312,-11662,-5813
32978,10164,-18056,-18676,-9296,7024,-19857
33082,11224,7336,-20952,-9328,17771,7609
33184,364,-4856,-13984,-9376,-15196,12812
33288,5840,-14464,-15596,-9344,11979,3400
33391,2296,14776,-6060,-9360,-10706,-18631
33495,16452,-22004,-17628,-9408,582,7774
33597,-3836,8120,-16500,-9408,10383,7624
33700,7240,-11204,-17536,-9392,-14151,-14445
33804,4672,-4188,-14568,-9408,9033,23096
33906,-1468,-12,-12044,-9424,-5524,-8218
34010,9492,-10336,-16588,-9424,11281,-5085
34113,3436,4644,-18160,-9440,2719,-1342
34215,15720,-12552,-18040,-9456,-61,4212
34319,-920,3612,-13828,-9488,6913,11680
34422,5232,-5732,-12528,-9520,-7020,-9430
34525,6564,-6420,-16508,-9440,11309,-4432
34628,4196,664,-14748,-9520,-44,-4876
34732,13244,-12116,-17140,-9536,3187,752
34834,3116,4908,-11604,-9520,1979,4262
34937,6504,-7788,-12700,-9552,-4285,-5244
35041,3316,-3780,-16400,-9520,10159,-2328
35143,5728,-1940,-18076,-9600,-755,-5208
35247,5292,-4892,-17980,-9568,4282,16325
35350,-228,1608,-9228,-9584,-2567,-1285
35452,5296,-10188,-14980,-9568,6556,-7506
35556,4264,976,-17232,-9584,9863,-7881
35658,14208,-8852,-16904,-9584,2305,-1458
35762,4060,-5464,-14908,-9600,417,1119
35865,4156,-2364,-11740,-9616,3046,-4312
35968,5952,-5460,-15184,-9632,2973,-9119
36071,3500,-2868,-19188,-9600,7652,-3324
36174,7964,-4364,-16748,-9600,2091,-1126
36277,1472,212,-15880,-9664,5679,6808
36380,2568,-3552,-13012,-9632,-7095,-7050
36484,6644,-6192,-17800,-9632,9624,-3800
36586,3104,-1272,-14620,-9648,-777,262
36689,3484,-6792,-15516,-9632,7158,1038
36792,2700,-648,-14580,-9696,3833,-2929
36895,5352,-6052,-15520,-9664,1722,-1336
36999,3760,-4340,-14792,-9696,4500,103
37101,3796,-3720,-15024,-9712,-992,-4588
37204,7716,-8400,-15336,-9712,-127,-2314
37308,5104,-4948,-14296,-9680,5046,2691
37410,4984,-3528,-15408,-9760,3443,-1564
37514,7568,-3728,-16320,-9728,2632,4312
37617,6376,-4848,-15880,-9760,-2033,-424
37720,3272,3424,-13816,-9776,836,3907
37823,5956,-6360,-13216,-9776,-5090,-184
37925,1276,-5264,-17604,-9760,12257,-518
38029,5552,-592,-15032,-9792,-1576,-3918
38132,7552,-4784,-16056,-9776,4167,9489
38235,1232,-2716,-12756,-9808,-6190,-329
38338,8340,-7212,-12744,-9808,4118,-6005
38441,8116,-1148,-16240,-9856,5705,-1554
38544,7136,-2692,-13272,-9824,-1382,1059
38647,6696,-4056,-14776,-9856,-357,-972
38750,6556,2696,-10068,-9840,23,5012
38853,5196,-7332,-11012,-9872,-5207,1122
38957,5200,-3380,-14048,-9872,11379,-8650
39059,19404,-10140,-20096,-9904,4389,2481
39162,2052,-3912,-12552,-9872,-7543,5800
39266,6456,-4508,-10792,-9936,2259,-1732
39368,5348,-4080,-14216,-9936,3024,-7352
39472,9112,-4280,-15676,-9936,2777,11769
39575,712,-3488,-13916,-9952,-2954,-688
39677,7404,-4600,-18936,-9968,7695,-3008
39781,2668,252,-11148,-10000,-5814,9084
39884,1500,-12292,-16260,-9984,3117,-3491
39987,3824,-1404,-16496,-9984,4277,-10766
40090,6088,-60,-14248,-9984,-1242,14719
40194,5268,-8752,-11164,-10000,-6148,-2795
40296,5004,-1256,-13720,-10032,10772,-8298
40399,12728,-1032,-15432,-10032,716,3970
40503,2960,-7236,-18452,-10048,-5315,540
40605,4548,-2160,-19516,-10048,9388,11720
40709,2492,-984,-10132,-10080,-11586,4981
40812,3884,-13308,-16520,-10080,7801,-4978
40915,3908,1128,-23048,-10064,5187,-10611
41018,7664,-72,-11600,-10112,-5250,18249
41121,1712,-8636,-8888,-10128,-4765,-4133
41225,4996,-4352,-15608,-10112,11181,-12699
41327,17632,-1424,-19336,-10112,411,7022
41431,5768,-7636,-15768,-10160,-6401,-1981
41534,5164,3496,-13644,-10160,12282,9395
41636,2208,-1712,-13836,-10176,-17432,-1665
41740,7016,-14888,-16736,-10208,14503,-3624
41843,5592,7056,-15316,-10192,4182,-3803
41947,8516,-10280,-13996,-10176,-3390,11824
42049,4448,-1216,-8832,-10176,2247,1685
42152,7472,-5316,-13760,-10192,-1290,-9380
42256,5412,-3520,-17548,-10192,4435,5470
42359,2424,-5860,-19320,-10192,-5039,-5339
42462,4188,-2728,-17512,-10208,3335,11903
42565,3628,-2960,-10748,-10224,-5491,3368
42669,2692,-4928,-14324,-10256,7067,-5675
42771,20732,-7624,-21524,-10240,-993,-16720
42874,276,-172,-13068,-10256,-5204,9485
42978,6064,-6200,-8244,-10272,1284,-548
43080,2608,-3192,-14468,-10288,1867,-7616
43184,25740,-1716,-22080,-10272,5442,2662
43287,320,-2904,-15088,-10288,737,3183
43389,3720,-968,-15384,-10288,2510,-2396
43493,11052,-2508,-12728,-10304,-2209,5255
43596,2972,-9000,-13684,-10272,3036,-818
43699,5212,1348,-17268,-10304,9367,-7401
43802,8088,-3012,-15936,-10320,-256,13060
43906,3092,-4300,-12464,-10304,-831,3245
44008,5172,-6068,-11104,-10320,2924,-2840
44111,4780,-3844,-16092,-10336,7322,-10350
44215,6096,-1256,-16092,-10352,676,11261
44318,5892,-8672,-14296,-10320,1476,4100
44421,5288,3060,-8992,-10336,862,-625
44524,5524,-8604,-14604,-10368,-4854,-3704
44626,4852,-4444,-16020,-10384,9605,-834
44730,11136,-6560,-15324,-10416,-2047,1793
44833,5604,-4084,-13716,-10368,-2796,6604
44937,4324,-1792,-9488,-10384,-2202,-3234
45039,4308,-8364,-15276,-10416,1833,-7912
45143,14024,84,-18920,-10432,5952,6363
45246,5148,-7916,-17164,-10416,-4015,-844
45348,1628,2596,-13460,-10416,5515,4415
45452,5172,-7404,-14860,-10432,-8283,-8276
45555,3516,-1644,-14076,-10448,7756,2824
45658,5620,-4064,-16504,-10448,-6206,-7877
45761,1228,-1020,-16156,-10464,714,5344
45864,4476,-1756,-12008,-10448,-7307,-888
45967,5320,-8112,-11948,-10480,2406,226
46070,5192,-1668,-15684,-10464,4059,-12803
46174,3996,-1888,-18392,-10480,494,10091
46276,5072,-4152,-13412,-10480,2261,1193
46380,3508,-1452,-13480,-10496,-807,4714
46483,324,-6712,-15740,-10496,-2087,-1943
46585,6108,-3968,-15864,-10496,5418,-10160
46689,4740,-4684,-17452,-10512,2885,6759
46792,7056,-5712,-12536,-10528,-562,-2519
46895,6040,652,-9020,-10528,2,3747
46998,4216,-7376,-13780,-10528,-972,-8138
47101,14896,-2020,-17604,-10560,4064,6303
47204,4744,-6988,-16456,-10544,-3479,975
47307,4192,6412,-6132,-10592,3354,5995
47411,2516,-6704,-14744,-10560,-16330,-10106
47513,5752,-7252,-20424,-10608,18946,4319
47617,5328,4236,-16984,-10592,-9137,2097
47720,10560,-12500,-14420,-10608,-2806,615
47823,3960,5140,-11468,-10592,8544,-127
47926,7936,-7096,-14484,-10592,-6054,-8681
48029,5048,-940,-15132,-10608,11012,397
48133,12804,-6184,-19296,-10656,-4886,-3971
48235,1668,-2544,-17364,-10640,2096,9834
48338,2644,-108,-8740,-10608,-7123,-1792
48442,3492,-11980,-17028,-10640,5646,-7890
48544,2556,1516,-19116,-10672,7658,-8989
48648,7228,-1372,-17304,-10640,1172,14202
48751,2956,-2156,-8596,-10704,-5677,6180
48854,4376,-7296,-12488,-10704,1615,-7011
48957,17000,-732,-19316,-10672,6545,-3536
49060,1708,-2348,-15440,-10688,-3567,3961
49163,3392,-7796,-18596,-10656,4854,1342
49266,6520,4640,-9608,-10688,-2850,2062
49370,4620,-11992,-15716,-10720,1623,1622
49473,-1004,736,-15712,-10688,7337,-5450
49575,24940,-11372,-20004,-10688,6488,3740
49679,-724,-2252,-10488,-10736,-8047,5695
49782,3092,-7592,-11960,-10720,5290,-9451
49885,17576,-2620,-21144,-10784,4036,-11657
49988,1916,-4052,-16620,-10736,-3454,9126
50092,-1044,-3488,-16056,-10768,6937,4069
50194,5904,-3704,-13060,-10768,-3243,-3064
50297,2892,-6288,-15392,-10784,3617,2516
50401,2436,-4564,-14116,-10784,195,-6746
50504,20948,-3064,-20268,-10784,3723,-6898
50607,3316,2660,-9580,-10848,-425,11459
50710,3252,-6800,-11316,-10800,-8207,-8334
50813,15028,-6592,-17940,-10832,9828,-7918
50916,4064,3444,-15312,-10832,-4713,7171
51019,7136,-11924,-17896,-10832,555,2455
51123,5996,9296,-10916,-10832,3759,6258
51225,3096,-8188,-12584,-10832,-11570,-846
51329,3692,-6876,-15892,-10832,16130,-5383
51432,6356,1680,-18576,-10832,1776,-7034
51535,520,-3980,-13252,-10864,-2139,10976
51638,4176,-3384,-11292,-10816,1725,-4051
51741,7100,-5692,-15992,-10880,3979,-5227
51845,7316,-1812,-15444,-10896,-290,-58
51947,5440,-3204,-13932,-10880,1659,3269
52050,8984,-5304,-16640,-10912,6792,4930
52154,5872,6212,-8560,-10880,-6743,5596
52256,5076,-13224,-12952,-10864,1854,2229
52360,1992,952,-15072,-10896,8925,-6578
52463,19840,768,-19720,-10928,3733,12574
52566,1764,-4396,-11568,-10960,-4943,10952
52669,3712,-5492,-9144,-10912,-555,-10898
52772,17560,-7764,-22764,-10928,12664,-9010
52875,5476,1380,-13652,-10944,1321,5069
52978,4100,-6304,-12232,-10928,-8932,-4757
53082,8788,704,-19488,-10960,16048,-1747
53185,5452,-1244,-14708,-10976,-12938,8908
53287,-520,-11608,-13980,-10944,5141,4084
53391,916,-276,-15376,-10976,4951,-14893
53494,13672,-5200,-18712,-10992,101,24465
53597,-1452,-4752,-11296,-10992,-6015,4199
53700,6160,-7960,-12492,-11024,6155,-6404
53804,11976,1260,-16872,-10976,2045,-8415
53907,3004,-7412,-19120,-10992,-1053,3040
54009,3208,-4584,-18860,-11008,6755,6188
54113,3332,1960,-12312,-10992,-3530,4238
54216,3632,-8984,-12312,-11040,-5153,-3531
54319,4080,-4144,-14616,-11056,8833,-4514
54422,17864,-6388,-21156,-11008,1045,-2251
54525,828,-2348,-12628,-11056,-8516,3890
54628,4696,-8316,-11644,-11056,957,-3565
54731,4604,-3140,-15592,-11088,7956,-3795
54835,13016,-6808,-17104,-11072,-1247,-5699
54937,3996,-2236,-15240,-11056,-316,3793
55041,4340,-6760,-16416,-11088,3862,-499
55144,4432,1852,-10076,-11088,-6201,3765
55246,3800,-13232,-15252,-11072,896,-2159
55350,2740,504,-15276,-11072,6214,-9282
55453,11828,-6440,-20300,-11104,3776,18335
55557,2340,-1440,-8548,-11088,-5087,8576
55659,3128,-7100,-10964,-11088,519,-9211
55762,18908,-2928,-19348,-11104,5847,-16532
55866,2576,-5632,-18744,-11136,-232,5559
55968,5452,-7416,-18152,-11120,9926,5888
56072,1828,4588,-8988,-11152,-5853,2730
56175,2632,-14792,-16704,-11136,-1077,-8264
56278,-508,1632,-23400,-11136,9885,-5559
56381,21540,-12056,-19740,-11136,-539,12818
56484,3072,-1516,-9120,-11136,-4722,7618
56588,1076,-5376,-8688,-11200,-1774,-2559
56690,6680,-5740,-18124,-11184,9485,-18776
56794,3792,-492,-17164,-11168,-1448,12889
56897,2468,-9408,-16688,-11184,2643,4602
56999,5064,7468,-8604,-11200,-1863,-3687
57103,9116,-15120,-17540,-11232,218,-467
57206,-732,3140,-15552,-11184,9238,3046
57309,4352,-9208,-18004,-11184,-5595,-7372
57412,2552,-6280,-14880,-11200,5924,8812
57516,-36,524,-12888,-11216,-3829,-624
57618,5896,-12396,-14684,-11232,967,-5148
57721,6008,1752,-15292,-11216,4479,-6553
57825,7236,-8064,-18712,-11264,-4149,7396
57927,-1376,1160,-13888,-11232,4202,12017
58031,2892,-6628,-13752,-11248,-10082,-3914
58134,5360,-4608,-16196,-11248,11741,-4429
58236,13984,-6644,-23092,-11280,-8297,-6784
58340,3900,-1296,-12708,-11264,-2260,11626
58443,1520,-4696,-11756,-11280,-4456,-8550
58547,11144,-4380,-16476,-11296,11988,-5480
58649,4524,552,-14432,-11264,-2762,187
58753,7124,-6636,-14960,-11312,5348,1968
58856,5404,2176,-11436,-11296,371,1522
58958,5180,-7888,-12348,-11296,1846,2857
59062,916,2124,-13096,-11296,4975,-2641
59165,21304,-20396,-23708,-11312,1807,-6030
59268,1272,-908,-14112,-11296,1238,3077
59371,2040,-636,-12232,-11328,-8284,-3905
59474,6960,-10560,-15108,-11360,5398,-3437
59578,6052,808,-13896,-11312,968,-881
59680,7388,-5256,-14516,-11344,878,7723
59784,4536,-4640,-15012,-11344,4966,2245
59886,1456,1444,-10404,-11376,-7052,-3770
59990,6096,-12828,-15484,-11360,5138,-5474
60093,4184,2268,-14924,-11376,7001,-4422
60196,6304,-8220,-15172,-11360,-2151,6625
60299,4104,-1676,-12556,-11360,2426,7431
60402,2692,-3968,-13380,-11376,1225,-2812
60506,15008,-3452,-17216,-11408,4071,-460
60608,2020,-528,-16996,-11392,-376,61
60711,5168,-7572,-16464,-11408,2714,5028
60815,-100,2764,-9600,-11408,-4339,-86
60917,3664,-10192,-15768,-11424,3234,-5807
61021,1748,780,-17284,-11440,3120,-8222
61123,9608,-7068,-16916,-11408,4411,12613
61227,24,-1692,-10972,-11408,778,7123
61330,1652,-6388,-12768,-11440,-3408,-4930
61432,12616,-4504,-20292,-11440,8358,-3592
61536,1136,-2364,-16612,-11440,-3545,4006
61639,6068,-6588,-17172,-11456,8351,12211
61743,-728,1072,-10312,-11456,-7126,1846
61845,2448,-12932,-18368,-11472,6948,-3629
61948,2916,-228,-21384,-11472,4509,-3252
62052,9136,-5948,-14672,-11456,1127,10553
62154,-184,-2816,-9256,-11472,-3005,3683
62258,1484,-6088,-12048,-11456,1099,-9321
62361,24196,-872,-22420,-11488,7472,-8037
62464,-2944,-5952,-16960,-11504,-2687,7334
62567,16,-5604,-18176,-11536,4309,903
62670,4396,-4876,-12044,-11488,-4393,-36
62773,2284,-6056,-15384,-11504,5689,-1054
62876,2848,-812,-17080,-11520,-1003,-5623
62980,968,-6332,-18076,-11520,2376,9809
63082,196,-1712,-12228,-11552,-3683,4881
63185,2292,-8308,-13404,-11504,1462,-5654
63289,5140,-2172,-18728,-11536,5536,-13480
63391,5700,-1748,-14080,-11552,-2597,10243
63495,-776,-12700,-18044,-11552,-560,-1712
63598,1348,9516,-14112,-11552,8879,454
63700,10404,-15956,-17308,-11552,-9545,-359
63804,-1608,-1324,-16428,-11552,14884,5986
63907,3036,-3316,-22036,-11584,-7624,-10732
64011,-820,-4724,-14980,-11584,-50,11743
64113,872,-1420,-11140,-11552,-3095,-4939
64217,4740,-9888,-17232,-11600,3997,-8064
64320,8036,1908,-14492,-11568,5608,1129
64422,4944,-9692,-17864,-11600,-6955,-721
64526,2112,3976,-9760,-11600,3713,5982
64629,5400,-10304,-11076,-11584,-7883,-1613
64732,1552,-1360,-12904,-11616,6891,-9591
64835,7236,-6872,-19800,-11648,-2912,-8263
64939,760,-3676,-15116,-11648,-2107,10797
65041,524,-2504,-8944,-11616,-7034,-2282
65144,6644,-10868,-15796,-11664,7554,-8903
65248,6620,4344,-15616,-11664,4156,6374
65350,5956,-10728,-15584,-11632,-7624,3622
65454,1784,3524,-9512,-11632,5391,3746
65557,7176,-8844,-12784,-11680,-9895,-3967
65659,3800,-2192,-13708,-11648,7167,679
65763,2612,-5500,-18024,-11680,-3576,-3736
65866,4252,-5092,-16432,-11664,551,8290
65969,968,-3040,-10744,-11664,-6072,880
66072,6396,-10740,-16800,-11680,6306,-7234
66176,5004,684,-17564,-11648,2446,9455
66278,2980,-8872,-17872,-11696,-3876,1211
66381,1612,-2276,-14412,-11664,4406,11029
66485,1588,-1308,-13636,-11696,-6921,-4157
66588,5840,-9032,-16328,-11680,8132,-2465
66691,996,1824,-15188,-11712,1201,-3629
66794,13156,-7292,-20172,-11728,94,-5171
66897,1420,2688,-12424,-11728,8018,8937
67000,2820,-8816,-12984,-11680,-8371,-8488
67103,3844,-6104,-14976,-11744,13617,-1945
67207,1740,324,-13432,-11712,-358,-4868
67309,4856,-7916,-16096,-11728,-2445,-4379
67412,8768,-1976,-18116,-11728,5883,5499
67516,-284,992,-10716,-11776,-8399,7419
67618,1936,-6664,-9116,-11728,-5448,-3387
67722,4684,-7420,-14996,-11760,8701,-8721
67825,6128,-3024,-18852,-11776,7716,5146
67928,-1440,-4348,-16424,-11776,-2408,8021
68031,5724,-7512,-13960,-11728,-1888,-7438
68134,5576,-2412,-12100,-11728,571,-2980
68237,6668,-8868,-15688,-11744,116,1370
68340,3624,-1880,-13604,-11776,5487,4763
68444,8876,-3644,-13316,-11792,-3412,516
68546,308,20,-11540,-11776,-2745,10530
68649,2664,-9464,-13784,-11760,-3200,-1625
68753,7436,-6676,-15848,-11776,12548,-4329
68855,4380,-4428,-17716,-11776,-1944,2674
68959,4004,-5796,-14776,-11808,-6769,7457
69062,5908,-8172,-10276,-11824,-210,-304
69165,2672,-6248,-14456,-11792,6684,-3417
69268,12060,-3160,-15104,-11792,3897,-1289
69371,1268,-8792,-16640,-11792,-5897,3413
69475,2644,-5388,-15688,-11808,5352,3378
69577,4756,-5024,-13116,-11792,-7227,-3085
69681,3592,-7920,-14732,-11824,5991,5328
69784,2144,-3972,-13628,-11824,7,-1016
69886,4380,-8200,-15440,-11824,5556,2839
69990,1172,-5964,-16836,-11856,-6859,-540
70093,4136,-6276,-15444,-11808,-3839,1636
70196,984,-5224,-14476,-11840,52,2604
70299,588,-7156,-16732,-11840,1750,-7677
70403,7940,-2280,-15628,-11840,7274,17
70505,3540,-4448,-16740,-11872,-6664,2353
70608,304,-4024,-14988,-11856,5631,8470
70711,924,-3484,-15204,-11824,-6966,-5200
70814,5704,-8208,-20584,-11872,8492,-6101
70918,1676,1080,-14832,-11856,628,5947
71020,5132,-9076,-16156,-11840,499,-2967
71123,3396,1152,-10832,-11888,274,2452
71227,4508,-7092,-10572,-11840,-2779,-2931
71329,2632,-4868,-13464,-11888,6636,-2542
71433,4100,-4596,-14772,-11856,3876,-2822
71536,3264,-3536,-14368,-11904,6448,1743
71640,2740,-4804,-13264,-11856,-6585,-3934
71742,4664,-3636,-16448,-11888,9068,1281
71845,1464,-1376,-9748,-11872,-7334,5303
71949,1248,-9720,-12012,-11888,4489,-8367
72051,4636,-408,-15684,-11904,9257,-12030
72155,4616,-5948,-19984,-11920,-1685,1817
72258,952,-3472,-14720,-11904,-1261,360
72360,4020,-8372,-14516,-11936,5227,-234
72464,2360,2184,-12012,-11920,642,-3178
72567,4372,-11248,-16948,-11872,-5330,-8338
72670,3460,-5496,-16848,-11936,7268,867
72773,-932,-784,-14108,-11936,422,5499
72877,1852,-6956,-13100,-11936,-848,-7349
72979,7388,-4664,-13468,-11920,4332,-4040
73082,3300,-2876,-15040,-11936,1032,732
73186,5696,-6548,-16864,-11952,1284,40
73288,3708,-1480,-14756,-11936,-4312,8739
73392,-1220,-6524,-14572,-11920,-8603,2442
73495,-664,-7280,-17124,-11904,5348,-1261
73597,-3992,-4036,-18588,-11920,-6874,-5404
73701,-1404,-5472,-16724,-11920,2924,6836
73804,5784,-5940,-13476,-11984,-6549,-2739
73907,-2572,3948,-15728,-11920,-2817,-241
74010,-396,-2248,-15824,-11936,1422,2805
74114,860,-4216,-15332,-11952,1720,7783
74216,4688,-3240,-14612,-11936,2172,8172
74319,3064,-4388,-15192,-11920,4838,7649
74423,-764,-3076,-12428,-11904,16477,-10545
74525,6596,-1076,-19264,-11920,3075,-9675
74629,5280,-4644,-12580,-11888,-4592,8148
74732,1304,-9296,-15324,-11904,-72,-2168
74834,5320,-2040,-14760,-11888,3669,-5778
74938,6928,-7612,-14296,-11856,-3491,3540
75041,1496,-5400,-12052,-11840,3022,473
75144,3176,-6496,-12168,-11856,-2008,-12844
75247,5652,-8812,-18960,-11888,407,-7627
75351,4920,-7176,-17784,-11840,4897,13564
75454,-476,-1480,-7688,-11824,4535,8408
75556,5004,-7188,-12464,-11840,-1083,-14435
75660,5364,-8252,-16896,-11792,4146,10826
75763,92,1128,-10652,-11792,-4073,3005
75866,5376,-13296,-13296,-11824,-1498,-3503
75969,3472,-2108,-15104,-11776,10434,6293
76072,1692,-4416,-13212,-11808,-7265,5963
76175,700,-11624,-14096,-11760,-1520,7323
76278,-408,-4776,-15044,-11760,-1243,-4349
76382,8040,-11000,-19012,-11776,1543,2046
76484,980,-3216,-13276,-11776,-1305,10611
76588,52,-9288,-14672,-11760,-3488,-1136
76691,4072,-8268,-15008,-11776,5777,54
76793,1728,-2068,-13672,-11760,-4081,1256
76897,3884,-12944,-14712,-11744,-847,-505
77000,2420,-5636,-13708,-11760,6968,-756
77103,1708,-4524,-15320,-11696,861,-358
77206,3592,-7348,-13464,-11728,-2360,427
77309,2352,-6180,-13240,-11680,2202,1983
77412,4140,-5632,-13568,-11696,-252,990
77515,2172,-5048,-13496,-11744,-804,3265
77619,1224,-6816,-14256,-11728,-1507,-886
77721,700,-6740,-15332,-11680,702,-84
77825,112,-5136,-16036,-11680,-1186,-163
77927,1780,-6072,-14660,-11696,-76,1415
78030,864,-4496,-15064,-11664,-1950,2414
78134,928,-6972,-15732,-11680,-745,1813
78236,828,-3200,-15836,-11664,-855,-28
78340,4216,-4512,-11744,-11664,-6828,-734
78442,3944,-8644,-17060,-11648,-1213,865
78545,2612,-5832,-18444,-11664,8766,2102
78649,4148,112,-14776,-11648,2732,8813
78751,1008,-5924,-15320,-11600,-3434,4330
78855,3216,-6484,-13788,-11600,3495,-2518
78958,3208,-3852,-15840,-11616,3242,-829
79060,3028,-7484,-17428,-11568,2925,5497
79164,-1988,-7364,-18272,-11600,3422,6854
79267,-1428,-1996,-14044,-11600,1887,830
79371,2040,-7176,-14332,-11584,-6676,-10797
79473,2648,-7436,-16336,-11552,7823,-1039
79577,932,-3980,-15676,-11584,-387,1204
79680,-392,-10756,-18772,-11536,7782,6460
79782,156,-2704,-14920,-11520,2484,4582
79886,2880,-7652,-13184,-11520,-1269,2224
79989,-660,-5636,-13640,-11504,1019,-2358
80092,1880,-8456,-17068,-11536,773,-4745
80195,2788,-4884,-15028,-11520,4663,6358
80299,-1220,-5848,-12336,-11520,-1863,4784
80401,-1212,-10784,-14848,-11488,2665,-5559
80504,3024,-6448,-17956,-11488,3335,-4155
80608,2212,-2836,-12964,-11504,-4311,5344
80710,3196,-9668,-12444,-11472,-2162,291
80814,2620,-7152,-14036,-11488,6351,769
80917,-232,-2112,-12000,-11456,-4483,3299
81019,460,-9656,-16040,-11424,-3135,-8148
81123,7260,-8404,-16956,-11424,7052,878
81226,180,-1328,-14500,-11424,2350,9816
81329,824,-5964,-14620,-11440,1442,6375
81432,-1856,-1328,-11576,-11392,-2521,-788
81536,8492,-5768,-14468,-11392,-2556,-8329
81638,248,-3368,-15984,-11360,-380,8615
81741,-3604,-6572,-16672,-11376,-7324,-1981
81845,4904,-10436,-17008,-11392,12446,-4557
81947,2344,-736,-14248,-11344,5964,6877
82051,-1224,-5760,-12936,-11344,-5826,3179
82154,268,-7372,-14460,-11328,2319,-4877
82256,3336,-6176,-17388,-11328,4146,-2940
82360,1192,-4780,-16616,-11312,1949,5437
82463,336,-8872,-14524,-11312,-843,3173
82566,1284,-6200,-13764,-11344,5128,-2306
82669,4044,-5476,-14492,-11296,922,1283
82772,2136,-5544,-15768,-11264,2329,8441
82875,-2644,-3856,-14800,-11280,-5297,5813
82978,1312,-10328,-15724,-11232,-872,1295
83082,4240,-2628,-14904,-11232,11867,1940
83185,988,-2976,-13564,-11216,-1284,14584
83288,-3904,-5496,-12080,-11200,-6460,1433
83391,752,-11716,-16412,-11184,4062,-11089
83494,1220,-6224,-17184,-11168,7161,2454
83597,1620,-2748,-12672,-11152,-226,3000
83700,3748,-5440,-9748,-11152,1076,-3654
83804,728,-6864,-13608,-11136,1761,2392
83906,-2016,-5452,-13632,-11136,680,-3449
84009,-1608,-9832,-18780,-11184,-1838,-8067
84113,3788,-5264,-17820,-11136,6281,3319
84215,-1856,-2728,-11784,-11088,-6457,5854
84319,-4736,-11092,-14216,-11104,-1459,-6715
84422,-2732,-8988,-18852,-11040,8448,-12975
84526,6224,-468,-16740,-11088,4605,-7507
84628,1012,-7056,-15852,-11056,-5683,7278
84731,-1848,-5588,-12468,-11040,-1780,2829
84835,212,-5484,-16016,-11024,537,-8497
84937,6276,-10028,-18080,-11024,174,-305
85041,-32768,21176,-13460,-11008,-333,-13502
85144,-6636,-7856,-16552,-10992,-5930,-3766
85246,-5316,-5544,-14356,-11024,-803,1875
85350,-6472,608,-15780,-10992,-2769,6878
85453,-312,-3664,-19948,-10944,5500,15857
85556,-4816,1748,-13756,-10928,-12615,2478
85659,-740,-11200,-17028,-10912,-11122,-2932
85763,4452,-5292,-15696,-10944,13765,5286
85866,2400,8,-15540,-10896,11644,5173
85968,-284,1632,-15996,-10896,2431,4166
86072,988,-5684,-15780,-10880,2377,-5230
86175,64,-1572,-14276,-10896,4104,-2108
86278,2748,-4980,-13032,-10832,1809,-5157
86381,1388,-6356,-14980,-10832,6529,2032
86484,-2428,-2976,-12372,-10848,-955,-728
86587,-464,-10008,-14428,-10832,1068,-5447
86690,432,-4528,-14100,-10784,4455,-3198
86793,-584,-9376,-14588,-10816,-551,-4990
86896,-1820,-6084,-15784,-10800,6910,-2585
87000,-1664,-6176,-20256,-10768,2578,-9667
87103,4216,-6396,-15212,-10768,963,652
87205,1192,-8608,-14492,-10768,-5120,7119
87309,500,-11104,-16216,-10784,4043,-4320
87411,2096,-3476,-15708,-10736,2119,-1721
87515,4196,-6632,-13084,-10736,-4692,-1146
87618,3056,-5072,-10820,-10704,1563,482
87721,2116,-2728,-11520,-10688,6496,-2569
87824,3216,-9884,-16012,-10720,644,-1730
87927,-2376,-4324,-17164,-10688,4790,5947
88031,-1120,-7212,-14452,-10688,-3259,2038
88133,4188,-9468,-11824,-10656,2212,3633
88237,1432,-4412,-12024,-10672,3369,4903
88340,1192,-8796,-14024,-10640,-1480,686
88442,2552,-4964,-13796,-10640,4664,3675
88546,240,-3292,-13912,-10608,-7388,2801
88649,504,-10828,-15752,-10608,-2553,1
88752,-564,-6568,-15036,-10560,5859,2367
88855,-1556,-4044,-13380,-10592,-542,-4274
88958,2404,-9572,-15936,-10576,608,-3478
89061,-284,-4776,-15620,-10544,7445,7467
89164,-4588,-1628,-11224,-10544,-5136,4684
89268,-2440,-10320,-15568,-10512,-4250,-9069
89370,-212,-7728,-17564,-10528,13598,-4136
89474,-1236,-788,-15320,-10480,-3871,2126
89577,1056,-8768,-13976,-10480,-3612,1994
89679,364,-5432,-14484,-10448,4031,1674
89783,560,-4220,-14816,-10448,-5129,-4545
89886,2476,-10272,-14160,-10480,3313,480
89989,-724,-792,-11700,-10432,5625,2963
90092,-2736,-6864,-16264,-10368,-6644,-4751
90195,3152,-9148,-15956,-10368,5231,-7022
90298,2472,-2908,-15992,-10416,1617,3246
90401,1520,-8588,-14528,-10384,-439,7421
90505,-220,-6588,-14180,-10384,8735,-3131
90607,684,-1116,-14748,-10368,-2307,-13188
90711,10488,-8224,-13524,-10368,1815,-772
90814,-972,264,-11096,-10320,-2638,4872
90916,-12680,-19488,-13284,-10320,-1975,-15390
91020,3976,-7104,-19124,-10320,4861,-6701
91123,3376,-2020,-16700,-10288,-399,5190
91226,-1740,-9852,-15544,-10288,-5537,6557
91329,-372,-10644,-19272,-10272,11319,-4606
91432,1168,664,-11776,-10288,-1632,-2400
91536,1872,-9836,-14684,-10240,-1567,2772
91638,-992,-2692,-11280,-10224,10605,4356
91742,-2640,388,-13828,-10192,-91,-11288
91845,5500,-6500,-18456,-10176,2702,-10258
91948,780,-1520,-17452,-10160,1266,8661
92051,-3472,-2112,-16692,-10176,-5027,2808
92154,-1036,-5620,-12308,-10192,4312,-6562
92257,-432,-1376,-17752,-10160,-2825,-9759
92360,5372,-6224,-13772,-10112,-7457,875
92464,828,-3692,-20532,-10128,-4731,8521
92566,-16,1832,-16944,-10128,14139,-11904
92669,14844,11808,-12032,-10112,5921,-12730
92773,16436,8320,-17844,-10064,-21147,-17744
92876,5676,8864,-25096,-10032,-13090,32767
92980,4168,-5608,-12488,-10064,4805,-2951
93082,5108,-6916,-13668,-10048,7180,317
93186,3200,-8936,-14360,-10032,8341,467
93288,-340,-8064,-13164,-10016,5179,937
93391,1272,-10996,-13596,-10064,3266,7522
93495,5964,-14952,-19580,-10032,7937,6115
93598,5436,-8992,-10796,-9984,-2971,8274
93701,7500,-8072,-11852,-10032,1116,1513
93804,8828,-6336,-12400,-10048,-2035,3015
93907,8192,-6968,-12464,-9984,572,-929
94010,8320,-5984,-11724,-9984,-226,2273
94113,10000,-6148,-12320,-10000,-429,3137
94216,10592,-5736,-11684,-9984,956,872
94319,13000,-2960,-12168,-9968,1357,1311
94423,13012,-2868,-9652,-9952,-768,1789
94525,10516,-3632,-10508,-9968,-2062,2292
94628,12132,-3920,-11252,-9968,2912,-1213
94732,13948,-3884,-15068,-9952,-2188,-6274
94834,9980,-3372,-12072,-9952,-316,-1365
94938,14008,-876,-11560,-9936,-6196,7754
95041,13392,-596,-11380,-9920,3531,734
95143,11732,-1812,-10524,-9904,1643,-14
95247,11740,-2332,-11156,-9904,1176,-74
95350,11096,-2348,-11516,-9888,1236,-204
95453,11620,-2508,-10728,-9872,722,-159
95556,11696,-2212,-11380,-9888,519,209
95659,11472,-2300,-11408,-9872,1093,-268
95762,11316,-2552,-11192,-9824,857,130
95865,11952,-1892,-10964,-9872,480,599
95968,11780,-2364,-11268,-9856,990,-210
96071,11456,-1656,-11180,-9840,499,284
96174,11712,-2344,-11316,-9856,632,439
96277,11624,-2712,-11332,-9840,1174,-247
96380,11608,-2308,-11216,-9840,1144,-269
96483,11608,-2324,-11416,-9824,899,210
96586,11664,-2356,-11284,-9808,698,186
96690,12140,-2108,-11452,-9824,845,2136
96792,11712,-2184,-11320,-9808,1177,901
