Date,Adj Close,Capital Gains,Close,Dividends,High,Low,Open,Stock Splits,Volume
2023-09-20,23.061899185180664,0.0,24.856000900268555,0.0,25.1299991607666,24.856000900268555,25.100000381469727,0.0,1723700
2023-09-21,22.827159881591797,0.0,24.60300064086914,0.0,24.729999542236328,24.60300064086914,24.729999542236328,0.0,17800
2023-09-22,22.670364379882812,0.0,24.43400001525879,0.0,24.600000381469727,24.420000076293945,24.594999313354492,0.0,52600
2023-09-25,22.749221801757812,0.0,24.518999099731445,0.0,24.518999099731445,24.518999099731445,24.518999099731445,0.0,100
2023-09-26,22.434694290161133,0.0,24.18000030517578,0.0,24.3799991607666,24.18000030517578,24.378000259399414,0.0,1700
2023-09-27,22.378095626831055,0.0,24.118999481201172,0.0,24.209999084472656,23.989999771118164,24.06999969482422,0.0,12600
2023-09-28,22.524690628051758,0.0,24.277000427246094,0.0,24.309999465942383,24.277000427246094,24.309999465942383,0.0,6700
2023-09-29,22.513553619384766,0.0,24.264999389648438,0.0,24.459999084472656,24.264999389648438,24.459999084472656,0.0,3000
2023-10-02,22.239849090576172,0.0,23.969999313354492,0.0,24.094999313354492,23.889999389648438,24.094999313354492,0.0,20100
2023-10-03,21.961503982543945,0.0,23.670000076293945,0.0,23.760000228881836,23.670000076293945,23.760000228881836,0.0,2500
2023-10-04,22.057069778442383,0.0,23.773000717163086,0.0,23.773000717163086,23.690000534057617,23.690000534057617,0.0,61900
2023-10-05,21.898412704467773,0.0,23.601999282836914,0.0,23.65999984741211,23.601999282836914,23.649999618530273,0.0,800
2023-10-06,22.034805297851562,0.0,23.749000549316406,0.0,23.8799991607666,23.670000076293945,23.670000076293945,0.0,14100
2023-10-09,22.17490005493164,0.0,23.899999618530273,0.0,23.979999542236328,23.899999618530273,23.979999542236328,0.0,6700
2023-10-10,22.4718074798584,0.0,24.219999313354492,0.0,24.239999771118164,24.18000030517578,24.229999542236328,0.0,71800
2023-10-11,22.379024505615234,0.0,24.1200008392334,0.0,24.239999771118164,24.0,24.23200035095215,0.0,97100
2023-10-12,22.08211898803711,0.0,23.799999237060547,0.0,23.799999237060547,23.715999603271484,23.715999603271484,0.0,1100
2023-10-13,22.13871955871582,0.0,23.861000061035156,0.0,23.975000381469727,23.83799934387207,23.90399932861328,0.0,192500
2023-10-16,22.497783660888672,0.0,24.24799919128418,0.0,24.270000457763672,24.219999313354492,24.260000228881836,0.0,8200
2023-10-17,22.641597747802734,0.0,24.402999877929688,0.0,24.510000228881836,24.15999984741211,24.15999984741211,0.0,32500
2023-10-18,22.379024505615234,0.0,24.1200008392334,0.0,24.344999313354492,24.1200008392334,24.270000457763672,0.0,36400
2023-10-19,22.193458557128906,0.0,23.920000076293945,0.0,24.07900047302246,23.860000610351562,24.030000686645508,0.0,139300
2023-10-20,21.970783233642578,0.0,23.68000030517578,0.0,23.84000015258789,23.68000030517578,23.829999923706055,0.0,44600
2023-10-23,21.729549407958984,0.0,23.420000076293945,0.0,23.590999603271484,23.3700008392334,23.540000915527344,0.0,110700
2023-10-24,21.79264259338379,0.0,23.488000869750977,0.0,23.59000015258789,23.39900016784668,23.530000686645508,0.0,38100
2023-10-25,21.640478134155273,0.0,23.323999404907227,0.0,23.420000076293945,23.260000228881836,23.3799991607666,0.0,1000
2023-10-26,21.539348602294922,0.0,23.21500015258789,0.0,23.25,23.21500015258789,23.25,0.0,3100
2023-10-27,21.200693130493164,0.0,22.850000381469727,0.0,23.100000381469727,22.850000381469727,23.100000381469727,0.0,1600
2023-10-30,21.460481643676758,0.0,23.1299991607666,0.0,23.1299991607666,22.979999542236328,22.979999542236328,0.0,3600
2023-10-31,21.71099090576172,0.0,23.399999618530273,0.0,23.399999618530273,23.170000076293945,23.25,0.0,21400
2023-11-01,21.604291915893555,0.0,23.28499984741211,0.0,23.31999969482422,23.190000534057617,23.31999969482422,0.0,3500
2023-11-02,22.165624618530273,0.0,23.889999389648438,0.0,23.889999389648438,23.670000076293945,23.670000076293945,0.0,283900
2023-11-03,22.443971633911133,0.0,24.190000534057617,0.0,24.270000457763672,24.079999923706055,24.190000534057617,0.0,12800
2023-11-06,22.332632064819336,0.0,24.06999969482422,0.0,24.06999969482422,23.996000289916992,24.04599952697754,0.0,28300
2023-11-07,22.137788772583008,0.0,23.860000610351562,0.0,23.969999313354492,23.860000610351562,23.93000030517578,0.0,10100
2023-11-08,22.090471267700195,0.0,23.80900001525879,0.0,23.950000762939453,23.770000457763672,23.950000762939453,0.0,13500
2023-11-09,21.856660842895508,0.0,23.55699920654297,0.0,23.75,23.55699920654297,23.709999084472656,0.0,4000
2023-11-10,22.03851318359375,0.0,23.753000259399414,0.0,23.809999465942383,23.496000289916992,23.496000289916992,0.0,30400
2023-11-13,21.96428871154785,0.0,23.67300033569336,0.0,23.700000762939453,23.600000381469727,23.670000076293945,0.0,5800
2023-11-14,22.6184024810791,0.0,24.378000259399414,0.0,24.44099998474121,24.142000198364258,24.142000198364258,0.0,5900
2023-11-15,22.916229248046875,0.0,24.698999404907227,0.0,24.81999969482422,24.65999984741211,24.65999984741211,0.0,30700
2023-11-16,22.735305786132812,0.0,24.503999710083008,0.0,24.6200008392334,24.450000762939453,24.579999923706055,0.0,24300
2023-11-17,22.904170989990234,0.0,24.68600082397461,0.0,24.729999542236328,24.58300018310547,24.63599967956543,0.0,6900
2023-11-20,22.95148468017578,0.0,24.73699951171875,0.0,24.780000686645508,24.60099983215332,24.60099983215332,0.0,9000
2023-11-21,22.908809661865234,0.0,24.69099998474121,0.0,24.760000228881836,24.684999465942383,24.760000228881836,0.0,20000
2023-11-22,23.03777503967285,0.0,24.829999923706055,0.0,24.86199951171875,24.75,24.850000381469727,0.0,12100
2023-11-24,23.130558013916016,0.0,24.93000030517578,0.0,24.950000762939453,24.899999618530273,24.950000762939453,0.0,3000
2023-11-27,22.944995880126953,0.0,24.729999542236328,0.0,24.889999389648438,24.72800064086914,24.889999389648438,0.0,60500
2023-11-28,22.988601684570312,0.0,24.777000427246094,0.0,24.860000610351562,24.719999313354492,24.719999313354492,0.0,12800
2023-11-29,23.025712966918945,0.0,24.816999435424805,0.0,24.959999084472656,24.816999435424805,24.959999084472656,0.0,2800
2023-11-30,23.279008865356445,0.0,25.09000015258789,0.0,25.09000015258789,24.770000457763672,24.770000457763672,0.0,2400
2023-12-01,23.651992797851562,0.0,25.492000579833984,0.0,25.492000579833984,25.229999542236328,25.229999542236328,0.0,3800
2023-12-04,23.793018341064453,0.0,25.643999099731445,0.0,25.790000915527344,25.59000015258789,25.639999389648438,0.0,117100
2023-12-05,23.548078536987305,0.0,25.3799991607666,0.0,25.639999389648438,25.3799991607666,25.639999389648438,0.0,4400
2023-12-06,23.684467315673828,0.0,25.527000427246094,0.0,25.610000610351562,25.489999771118164,25.610000610351562,0.0,8900
2023-12-07,23.822711944580078,0.0,25.676000595092773,0.0,25.719999313354492,25.56999969482422,25.59000015258789,0.0,62500
2023-12-08,23.789310455322266,0.0,25.639999389648438,0.0,25.670000076293945,25.600000381469727,25.670000076293945,0.0,9800
2023-12-11,23.940540313720703,0.0,25.80299949645996,0.0,25.81999969482422,25.708999633789062,25.760000228881836,0.0,17400
2023-12-12,23.859825134277344,0.0,25.715999603271484,0.0,25.780000686645508,25.68000030517578,25.684999465942383,0.0,3000
2023-12-13,24.363632202148438,0.0,26.259000778198242,0.0,26.259000778198242,25.65999984741211,25.65999984741211,0.0,4000
2023-12-14,24.763521194458008,0.0,26.690000534057617,0.0,26.690000534057617,26.6200008392334,26.659000396728516,0.0,101900
2023-12-15,24.513010025024414,0.0,26.420000076293945,0.0,26.6200008392334,26.350000381469727,26.6200008392334,0.0,65800
2023-12-18,24.55940055847168,0.0,26.469999313354492,0.0,26.489999771118164,26.40999984741211,26.479999542236328,0.0,102700
2023-12-19,24.772798538208008,0.0,26.700000762939453,0.0,26.700000762939453,26.489999771118164,26.489999771118164,0.0,16100
2023-12-20,24.262165069580078,0.0,25.989999771118164,0.163,26.469999313354492,25.989999771118164,26.469999313354492,0.0,31200
2023-12-21,24.495542526245117,0.0,26.239999771118164,0.0,26.25,26.1200008392334,26.209999084472656,0.0,12600
2023-12-22,24.57956314086914,0.0,26.329999923706055,0.0,26.524999618530273,26.31999969482422,26.524999618530273,0.0,6700
2023-12-26,24.71959114074707,0.0,26.479999542236328,0.0,26.600000381469727,26.434999465942383,26.459999084472656,0.0,1900
2023-12-27,24.728925704956055,0.0,26.489999771118164,0.0,26.6200008392334,26.489999771118164,26.6200008392334,0.0,17000
2023-12-28,24.766267776489258,0.0,26.530000686645508,0.0,26.610000610351562,26.530000686645508,26.55699920654297,0.0,5700
2023-12-29,24.768129348754883,0.0,26.531999588012695,0.0,26.579999923706055,26.4950008392334,26.4950008392334,0.0,1400
2024-01-02,24.887622833251953,0.0,26.65999984741211,0.0,26.860000610351562,26.65999984741211,26.746999740600586,0.0,128200
2024-01-03,24.588897705078125,0.0,26.34000015258789,0.0,26.610000610351562,26.34000015258789,26.579999923706055,0.0,4100
2024-01-04,24.602895736694336,0.0,26.354999542236328,0.0,26.479999542236328,26.354999542236328,26.469999313354492,0.0,8900
2024-01-05,24.728925704956055,0.0,26.489999771118164,0.0,26.55500030517578,26.325000762939453,26.55500030517578,0.0,22300
2024-01-08,24.803607940673828,0.0,26.56999969482422,0.0,26.56999969482422,26.56999969482422,26.56999969482422,0.0,400
2024-01-09,24.79427146911621,0.0,26.559999465942383,0.0,26.559999465942383,26.450000762939453,26.49799919128418,0.0,23100
2024-01-10,24.74759864807129,0.0,26.510000228881836,0.0,26.559999465942383,26.43000030517578,26.559999465942383,0.0,2900
2024-01-11,24.52355194091797,0.0,26.270000457763672,0.0,26.399999618530273,26.200000762939453,26.270000457763672,0.0,2200
2024-01-12,24.682249069213867,0.0,26.440000534057617,0.0,26.510000228881836,26.31999969482422,26.510000228881836,0.0,51500
2024-01-16,24.399389266967773,0.0,26.136999130249023,0.0,26.3799991607666,26.09000015258789,26.360000610351562,0.0,35800
2024-01-17,24.308841705322266,0.0,26.040000915527344,0.0,26.11199951171875,25.93199920654297,26.040000915527344,0.0,5500
2024-01-18,24.234155654907227,0.0,25.959999084472656,0.0,25.959999084472656,25.844999313354492,25.92099952697754,0.0,10500
2024-01-19,24.43393325805664,0.0,26.173999786376953,0.0,26.22100067138672,26.020000457763672,26.030000686645508,0.0,229000
2024-01-22,24.597299575805664,0.0,26.349000930786133,0.0,26.360000610351562,26.280000686645508,26.360000610351562,0.0,8700
2024-01-23,24.6663818359375,0.0,26.42300033569336,0.0,26.510000228881836,26.363000869750977,26.469999313354492,0.0,21800
2024-01-24,24.453536987304688,0.0,26.19499969482422,0.0,26.38599967956543,26.19499969482422,26.38599967956543,0.0,3400
2024-01-25,24.685049057006836,0.0,26.44300079345703,0.0,26.450000762939453,26.31999969482422,26.450000762939453,0.0,4000
2024-01-26,24.733592987060547,0.0,26.4950008392334,0.0,26.579999923706055,26.450000762939453,26.579999923706055,0.0,5800
2024-01-29,24.710254669189453,0.0,26.469999313354492,0.0,26.503999710083008,26.399999618530273,26.399999618530273,0.0,10600
2024-01-30,24.710254669189453,0.0,26.469999313354492,0.0,26.559999465942383,26.469999313354492,26.520000457763672,0.0,7900
2024-01-31,24.49648094177246,0.0,26.240999221801758,0.0,26.520000457763672,26.240999221801758,26.459999084472656,0.0,12600
2024-02-01,24.635574340820312,0.0,26.389999389648438,0.0,26.40999984741211,26.132999420166016,26.219999313354492,0.0,7400
2024-02-02,24.602895736694336,0.0,26.354999542236328,0.0,26.40999984741211,26.190000534057617,26.270000457763672,0.0,10200
2024-02-05,24.168811798095703,0.0,25.889999389648438,0.0,26.030000686645508,25.889999389648438,25.920000076293945,0.0,3800
2024-02-06,24.39379119873047,0.0,26.131000518798828,0.0,26.18000030517578,26.09000015258789,26.09000015258789,0.0,5800
2024-02-07,24.360183715820312,0.0,26.094999313354492,0.0,26.15999984741211,26.06999969482422,26.111000061035156,0.0,21100
2024-02-08,24.355518341064453,0.0,26.09000015258789,0.0,26.170000076293945,26.020000457763672,26.020000457763672,0.0,9100
2024-02-09,24.262165069580078,0.0,25.989999771118164,0.0,26.118000030517578,25.979999542236328,26.118000030517578,0.0,16900
2024-02-12,24.588897705078125,0.0,26.34000015258789,0.0,26.420000076293945,26.25,26.25,0.0,8800
2024-02-13,24.028783798217773,0.0,25.739999771118164,0.0,26.049999237060547,25.739999771118164,26.049999237060547,0.0,1600
2024-02-14,24.182819366455078,0.0,25.905000686645508,0.0,25.93000030517578,25.780000686645508,25.84000015258789,0.0,10500
2024-02-15,24.514217376708984,0.0,26.260000228881836,0.0,26.260000228881836,26.219999313354492,26.219999313354492,0.0,400
2024-02-16,24.500213623046875,0.0,26.2450008392334,0.0,26.35099983215332,26.15999984741211,26.15999984741211,0.0,4700
2024-02-20,24.574893951416016,0.0,26.325000762939453,0.0,26.360000610351562,26.268999099731445,26.268999099731445,0.0,21400
2024-02-21,24.69158363342285,0.0,26.450000762939453,0.0,26.450000762939453,26.329999923706055,26.350000381469727,0.0,2900
2024-02-22,24.84561538696289,0.0,26.614999771118164,0.0,26.639999389648438,26.416000366210938,26.420000076293945,0.0,1300
2024-02-23,24.873619079589844,0.0,26.645000457763672,0.0,26.709999084472656,26.645000457763672,26.65999984741211,0.0,12100
2024-02-26,24.654245376586914,0.0,26.40999984741211,0.0,26.63599967956543,26.40999984741211,26.63599967956543,0.0,7700
2024-02-27,24.88389015197754,0.0,26.6560001373291,0.0,26.6560001373291,26.510000228881836,26.510000228881836,0.0,1200
2024-02-28,24.86894989013672,0.0,26.639999389648438,0.0,26.709999084472656,26.6299991607666,26.6299991607666,0.0,1700
2024-02-29,25.141538619995117,0.0,26.93199920654297,0.0,27.049999237060547,26.82900047302246,27.040000915527344,0.0,3700
2024-03-01,25.070594787597656,0.0,26.856000900268555,0.0,26.950000762939453,26.68000030517578,26.950000762939453,0.0,4400
2024-03-04,25.044456481933594,0.0,26.827999114990234,0.0,26.860000610351562,26.780000686645508,26.81999969482422,0.0,11100
2024-03-05,24.985641479492188,0.0,26.764999389648438,0.0,26.959999084472656,26.764999389648438,26.899999618530273,0.0,3600
2024-03-06,25.289033889770508,0.0,27.09000015258789,0.0,27.15999984741211,27.030000686645508,27.06999969482422,0.0,4800
2024-03-07,25.435598373413086,0.0,27.246999740600586,0.0,27.309999465942383,27.229000091552734,27.260000228881836,0.0,5600
2024-03-08,25.47014045715332,0.0,27.284000396728516,0.0,27.40999984741211,27.284000396728516,27.360000610351562,0.0,3700
2024-03-11,25.597097396850586,0.0,27.420000076293945,0.0,27.459999084472656,27.309999465942383,27.34000015258789,0.0,2800
2024-03-12,25.662443161010742,0.0,27.489999771118164,0.0,27.549999237060547,27.43000030517578,27.43000030517578,0.0,6500
2024-03-13,25.668977737426758,0.0,27.496999740600586,0.0,27.65999984741211,27.496999740600586,27.659000396728516,0.0,7700
2024-03-14,25.387054443359375,0.0,27.19499969482422,0.0,27.5,27.19499969482422,27.5,0.0,10200
2024-03-15,25.387054443359375,0.0,27.19499969482422,0.0,27.270000457763672,27.165000915527344,27.209999084472656,0.0,4300
2024-03-18,25.380523681640625,0.0,27.187999725341797,0.0,27.31599998474121,27.187999725341797,27.270000457763672,0.0,1900
2024-03-19,25.5242862701416,0.0,27.341999053955078,0.0,27.341999053955078,27.299999237060547,27.299999237060547,0.0,4600
2024-03-20,25.706317901611328,0.0,27.53700065612793,0.0,27.579999923706055,27.350000381469727,27.420000076293945,0.0,20100
2024-03-21,25.88462257385254,0.0,27.72800064086914,0.0,27.761999130249023,27.725000381469727,27.729999542236328,0.0,3500
2024-03-22,25.783802032470703,0.0,27.6200008392334,0.0,27.739999771118164,27.59000015258789,27.739999771118164,0.0,2100
2024-03-25,25.78193473815918,0.0,27.618000030517578,0.0,27.649999618530273,27.618000030517578,27.6299991607666,0.0,1600
2024-03-26,25.723644256591797,0.0,27.360000610351562,0.196,27.43000030517578,27.34000015258789,27.43000030517578,0.0,2800
2024-03-27,26.231346130371094,0.0,27.899999618530273,0.0,27.899999618530273,27.6200008392334,27.6200008392334,0.0,200
2024-03-28,26.400575637817383,0.0,28.079999923706055,0.0,28.079999923706055,27.8700008392334,27.959999084472656,0.0,9900
2024-04-01,26.090314865112305,0.0,27.75,0.0,28.079999923706055,27.75,28.079999923706055,0.0,7200
2024-04-02,26.033905029296875,0.0,27.690000534057617,0.0,27.739999771118164,27.59000015258789,27.719999313354492,0.0,6000
2024-04-03,25.911680221557617,0.0,27.559999465942383,0.0,27.56999969482422,27.559999465942383,27.559999465942383,0.0,5500
2024-04-04,25.770652770996094,0.0,27.40999984741211,0.0,27.75,27.399999618530273,27.749000549316406,0.0,7100
2024-04-05,25.723644256591797,0.0,27.360000610351562,0.0,27.44499969482422,27.270000457763672,27.280000686645508,0.0,6500
2024-04-08,25.883474349975586,0.0,27.530000686645508,0.0,27.56999969482422,27.530000686645508,27.530000686645508,0.0,9100
2024-04-09,26.118520736694336,0.0,27.780000686645508,0.0,27.780000686645508,27.559999465942383,27.559999465942383,0.0,3500
2024-04-10,25.563812255859375,0.0,27.190000534057617,0.0,27.260000228881836,27.190000534057617,27.219999313354492,0.0,2200
2024-04-11,25.601417541503906,0.0,27.229999542236328,0.0,27.260000228881836,27.229999542236328,27.260000228881836,0.0,1500
2024-04-12,25.10311508178711,0.0,26.700000762939453,0.0,27.06999969482422,26.700000762939453,27.06999969482422,0.0,4300
2024-04-15,25.046701431274414,0.0,26.639999389648438,0.0,27.030000686645508,26.575000762939453,27.030000686645508,0.0,8200
2024-04-16,24.896276473999023,0.0,26.479999542236328,0.0,26.489999771118164,26.450000762939453,26.450000762939453,0.0,300
2024-04-17,24.88593101501465,0.0,26.4689998626709,0.0,26.559999465942383,26.4689998626709,26.559999465942383,0.0,7700
2024-04-18,24.97149085998535,0.0,26.559999465942383,0.0,26.59000015258789,26.450000762939453,26.56999969482422,0.0,71300
2024-04-19,25.216876983642578,0.0,26.820999145507812,0.0,26.820999145507812,26.600000381469727,26.600000381469727,0.0,40500
2024-04-22,25.389873504638672,0.0,27.0049991607666,0.0,27.100000381469727,26.89299964904785,26.899999618530273,0.0,23200
2024-04-23,25.477312088012695,0.0,27.097999572753906,0.0,27.15999984741211,27.097999572753906,27.1299991607666,0.0,2300
2024-04-24,25.634323120117188,0.0,27.264999389648438,0.0,27.299999237060547,27.030000686645508,27.040000915527344,0.0,11200
2024-04-25,25.423723220825195,0.0,27.041000366210938,0.0,27.049999237060547,27.0,27.0,0.0,1500
2024-04-26,25.38517189025879,0.0,27.0,0.0,27.09000015258789,26.899999618530273,26.899999618530273,0.0,61400
2024-04-29,25.617399215698242,0.0,27.246999740600586,0.0,27.270000457763672,27.219999313354492,27.219999313354492,0.0,8100
2024-04-30,25.338165283203125,0.0,26.950000762939453,0.0,27.058000564575195,26.950000762939453,27.035999298095703,0.0,5200
2024-05-01,25.2347412109375,0.0,26.84000015258789,0.0,27.075000762939453,26.81999969482422,26.920000076293945,0.0,3400
2024-05-02,25.366369247436523,0.0,26.979999542236328,0.0,27.15999984741211,26.889999389648438,27.15999984741211,0.0,4500
2024-05-03,25.507396697998047,0.0,27.1299991607666,0.0,27.1299991607666,27.086000442504883,27.086999893188477,0.0,1600
2024-05-06,25.59201431274414,0.0,27.219999313354492,0.0,27.31999969482422,27.149999618530273,27.31999969482422,0.0,9000
2024-05-07,25.817659378051758,0.0,27.459999084472656,0.0,27.459999084472656,27.33799934387207,27.3700008392334,0.0,5900
2024-05-08,25.808258056640625,0.0,27.450000762939453,0.0,27.450000762939453,27.360000610351562,27.360000610351562,0.0,5000
2024-05-09,26.043310165405273,0.0,27.700000762939453,0.0,27.700000762939453,27.520000457763672,27.520000457763672,0.0,4200
2024-05-10,26.07903480529785,0.0,27.738000869750977,0.0,27.738000869750977,27.65999984741211,27.700000762939453,0.0,2000
2024-05-13,26.22194480895996,0.0,27.889999389648438,0.0,27.969999313354492,27.825000762939453,27.8700008392334,0.0,10200
2024-05-14,26.212539672851562,0.0,27.8799991607666,0.0,28.0,27.780000686645508,28.0,0.0,7600
2024-05-15,26.231346130371094,0.0,27.899999618530273,0.0,27.909000396728516,27.84000015258789,27.860000610351562,0.0,23500
2024-05-16,26.278356552124023,0.0,27.950000762939453,0.0,28.0,27.84000015258789,27.84000015258789,0.0,13500
2024-05-17,26.288698196411133,0.0,27.961000442504883,0.0,27.989999771118164,27.84000015258789,27.8799991607666,0.0,13900
2024-05-20,26.20313835144043,0.0,27.8700008392334,0.0,27.900999069213867,27.8700008392334,27.8700008392334,0.0,1700
2024-05-21,26.125106811523438,0.0,27.78700065612793,0.0,27.889999389648438,27.739999771118164,27.889999389648438,0.0,7300
2024-05-22,25.996301651000977,0.0,27.649999618530273,0.0,27.809999465942383,27.579999923706055,27.68000030517578,0.0,8100
2024-05-23,25.620222091674805,0.0,27.25,0.0,27.700000762939453,27.25,27.700000762939453,0.0,5700
2024-05-24,25.654067993164062,0.0,27.285999298095703,0.0,27.40999984741211,27.285999298095703,27.40999984741211,0.0,13600
2024-05-28,25.46978759765625,0.0,27.09000015258789,0.0,27.139999389648438,27.049999237060547,27.139999389648438,0.0,2300
2024-05-29,25.084308624267578,0.0,26.68000030517578,0.0,26.899999618530273,26.68000030517578,26.8700008392334,0.0,2800
2024-05-30,25.377653121948242,0.0,26.992000579833984,0.0,27.040000915527344,26.94300079345703,26.94300079345703,0.0,10800
2024-05-31,25.82142448425293,0.0,27.464000701904297,0.0,27.520000457763672,27.049999237060547,27.049999237060547,0.0,12700
2024-06-03,25.64936637878418,0.0,27.2810001373291,0.0,27.489999771118164,27.239999771118164,27.469999313354492,0.0,1400
2024-06-04,25.54218292236328,0.0,27.16699981689453,0.0,27.280000686645508,27.16699981689453,27.174999237060547,0.0,14200
2024-06-05,25.46790885925293,0.0,27.08799934387207,0.0,27.128999710083008,26.90999984741211,27.110000610351562,0.0,5400
2024-06-06,25.535600662231445,0.0,27.15999984741211,0.0,27.200000762939453,27.075000762939453,27.075000762939453,0.0,3400
2024-06-07,25.541244506835938,0.0,27.166000366210938,0.0,27.209999084472656,27.166000366210938,27.209999084472656,0.0,900
2024-06-10,25.479190826416016,0.0,27.100000381469727,0.0,27.2189998626709,26.950000762939453,26.950000762939453,0.0,11500
2024-06-11,25.37577247619629,0.0,26.989999771118164,0.0,27.06999969482422,26.920000076293945,26.940000534057617,0.0,11000
2024-06-12,25.46978759765625,0.0,27.09000015258789,0.0,27.326000213623047,27.09000015258789,27.290000915527344,0.0,21000
2024-06-13,25.30995750427246,0.0,26.920000076293945,0.0,27.0,26.80500030517578,26.80500030517578,0.0,16300
2024-06-14,25.121919631958008,0.0,26.719999313354492,0.0,26.790000915527344,26.670000076293945,26.790000915527344,0.0,27700
2024-06-17,25.43218231201172,0.0,27.049999237060547,0.0,27.049999237060547,26.760000228881836,26.780000686645508,0.0,3800
2024-06-18,25.38517189025879,0.0,27.0,0.0,27.049999237060547,26.9950008392334,27.049999237060547,0.0,13100
2024-06-20,25.526201248168945,0.0,27.149999618530273,0.0,27.208999633789062,27.138999938964844,27.149999618530273,0.0,7400
2024-06-21,25.591075897216797,0.0,27.2189998626709,0.0,27.259000778198242,27.209999084472656,27.25,0.0,1400
2024-06-24,25.7048397064209,0.0,27.34000015258789,0.0,27.479999542236328,27.34000015258789,27.350000381469727,0.0,4000
2024-06-25,25.46978759765625,0.0,27.09000015258789,0.0,27.3700008392334,27.040000915527344,27.3700008392334,0.0,48500
2024-06-26,25.338165283203125,0.0,26.950000762939453,0.0,27.069000244140625,26.950000762939453,27.069000244140625,0.0,4100
2024-06-27,25.446041107177734,0.0,26.889999389648438,0.174,26.889999389648438,26.780000686645508,26.799999237060547,0.0,13900
2024-06-28,25.51228141784668,0.0,26.959999084472656,0.0,27.024999618530273,26.84000015258789,27.0049991607666,0.0,14000
2024-07-01,25.181079864501953,0.0,26.610000610351562,0.0,26.950000762939453,26.610000610351562,26.950000762939453,0.0,1300
2024-07-02,25.218929290771484,0.0,26.649999618530273,0.0,26.670000076293945,26.579999923706055,26.610000610351562,0.0,5200
2024-07-03,25.241640090942383,0.0,26.673999786376953,0.0,26.690000534057617,26.65999984741211,26.690000534057617,0.0,900
2024-07-05,25.145116806030273,0.0,26.57200050354004,0.0,26.729999542236328,26.43000030517578,26.6200008392334,0.0,8900
2024-07-08,25.162153244018555,0.0,26.59000015258789,0.0,26.700000762939453,26.540000915527344,26.540000915527344,0.0,14800
2024-07-09,25.04764747619629,0.0,26.4689998626709,0.0,26.569000244140625,26.4689998626709,26.530000686645508,0.0,12300
2024-07-10,25.303152084350586,0.0,26.73900032043457,0.0,26.73900032043457,26.549999237060547,26.549999237060547,0.0,8400
2024-07-11,25.767784118652344,0.0,27.229999542236328,0.0,27.229999542236328,26.8799991607666,26.8799991607666,0.0,8000
2024-07-12,25.985431671142578,0.0,27.459999084472656,0.0,27.579999923706055,27.40999984741211,27.40999984741211,0.0,7500
2024-07-15,26.061140060424805,0.0,27.540000915527344,0.0,27.670000076293945,27.475000381469727,27.510000228881836,0.0,10400
2024-07-16,26.56740951538086,0.0,28.075000762939453,0.0,28.075000762939453,27.743000030517578,27.743000030517578,0.0,16700
2024-07-17,26.821014404296875,0.0,28.343000411987305,0.0,28.3700008392334,28.309999465942383,28.360000610351562,0.0,1900
2024-07-18,26.468046188354492,0.0,27.969999313354492,0.0,28.469999313354492,27.969999313354492,28.209999084472656,0.0,143900
2024-07-19,26.28824806213379,0.0,27.780000686645508,0.0,27.969999313354492,27.690000534057617,27.969999313354492,0.0,3800
2024-07-22,26.259859085083008,0.0,27.75,0.0,27.799999237060547,27.719999313354492,27.799999237060547,0.0,27800
2024-07-23,26.04221534729004,0.0,27.520000457763672,0.0,27.65999984741211,27.489999771118164,27.65999984741211,0.0,24200
2024-07-24,25.975969314575195,0.0,27.450000762939453,0.0,27.479999542236328,27.44700050354004,27.450000762939453,0.0,1200
2024-07-25,26.179426193237305,0.0,27.665000915527344,0.0,27.780000686645508,27.665000915527344,27.780000686645508,0.0,1000
2024-07-26,26.56267738342285,0.0,28.06999969482422,0.0,28.06999969482422,27.860000610351562,27.860000610351562,0.0,25900
2024-07-29,26.477510452270508,0.0,27.979999542236328,0.0,28.03499984741211,27.920000076293945,27.959999084472656,0.0,9900
2024-07-30,26.74247169494629,0.0,28.260000228881836,0.0,28.268999099731445,28.049999237060547,28.079999923706055,0.0,9900
2024-07-31,26.846569061279297,0.0,28.3700008392334,0.0,28.56999969482422,28.190000534057617,28.329999923706055,0.0,9800
2024-08-01,26.553211212158203,0.0,28.059999465942383,0.0,28.398000717163086,27.989999771118164,28.398000717163086,0.0,11800
2024-08-02,26.250396728515625,0.0,27.739999771118164,0.0,27.979999542236328,27.610000610351562,27.979999542236328,0.0,18500
2024-08-05,25.625839233398438,0.0,27.079999923706055,0.0,27.3700008392334,27.079999923706055,27.350000381469727,0.0,17800
2024-08-06,25.753589630126953,0.0,27.21500015258789,0.0,27.469999313354492,27.209999084472656,27.264999389648438,0.0,10200
2024-08-07,25.630573272705078,0.0,27.084999084472656,0.0,27.540000915527344,27.030000686645508,27.52199935913086,0.0,29300
2024-08-08,25.890806198120117,0.0,27.360000610351562,0.0,27.44499969482422,27.190000534057617,27.190000534057617,0.0,12300
2024-08-09,25.963672637939453,0.0,27.437000274658203,0.0,27.437000274658203,27.368999481201172,27.3700008392334,0.0,9100
2024-08-12,25.752643585205078,0.0,27.214000701904297,0.0,27.469999313354492,27.214000701904297,27.469999313354492,0.0,12400
2024-08-13,26.099933624267578,0.0,27.58099937438965,0.0,27.6299991607666,27.58099937438965,27.6299991607666,0.0,700
2024-08-14,26.17469596862793,0.0,27.65999984741211,0.0,27.65999984741211,27.569000244140625,27.579999923706055,0.0,1300
2024-08-15,26.496437072753906,0.0,28.0,0.0,28.0,27.865999221801758,27.865999221801758,0.0,8300
2024-08-16,26.515361785888672,0.0,28.020000457763672,0.0,28.09000015258789,27.899999618530273,27.899999618530273,0.0,8000
2024-08-19,26.728281021118164,0.0,28.2450008392334,0.0,28.2450008392334,28.100000381469727,28.100000381469727,0.0,1300
2024-08-20,26.605262756347656,0.0,28.114999771118164,0.0,28.239999771118164,28.079999923706055,28.239999771118164,0.0,13900
2024-08-21,26.969585418701172,0.0,28.5,0.0,28.5,28.299999237060547,28.375,0.0,6800
2024-08-22,26.865493774414062,0.0,28.389999389648438,0.0,28.510000228881836,28.316999435424805,28.40999984741211,0.0,34400
2024-08-23,27.191020965576172,0.0,28.733999252319336,0.0,28.760000228881836,28.510000228881836,28.510000228881836,0.0,7300
2024-08-26,27.27713394165039,0.0,28.825000762939453,0.0,29.0049991607666,28.825000762939453,29.0049991607666,0.0,3600
2024-08-27,27.187236785888672,0.0,28.729999542236328,0.0,28.760000228881836,28.700000762939453,28.753000259399414,0.0,22900
2024-08-28,27.108694076538086,0.0,28.64699935913086,0.0,28.77899932861328,28.509000778198242,28.739999771118164,0.0,4600
2024-08-29,27.04150390625,0.0,28.576000213623047,0.0,28.75,28.56999969482422,28.600000381469727,0.0,9100
2024-08-30,27.205215454101562,0.0,28.749000549316406,0.0,28.749000549316406,28.549999237060547,28.690000534057617,0.0,11400
2024-09-03,26.9005069732666,0.0,28.427000045776367,0.0,28.579999923706055,28.420000076293945,28.576000213623047,0.0,4800
2024-09-04,26.873064041137695,0.0,28.398000717163086,0.0,28.5,28.31999969482422,28.5,0.0,5500
2024-09-05,26.67717933654785,0.0,28.19099998474121,0.0,28.520000457763672,28.174999237060547,28.520000457763672,0.0,11700
2024-09-06,26.50305938720703,0.0,28.006999969482422,0.0,28.31800079345703,27.979999542236328,28.31800079345703,0.0,12700
2024-09-09,26.6942138671875,0.0,28.208999633789062,0.0,28.309999465942383,28.190000534057617,28.190000534057617,0.0,7200
2024-09-10,26.631757736206055,0.0,28.14299964904785,0.0,28.18000030517578,27.989999771118164,28.040000915527344,0.0,19600
2024-09-11,26.57686996459961,0.0,28.084999084472656,0.0,28.084999084472656,27.739999771118164,27.950000762939453,0.0,6300
2024-09-12,26.697050094604492,0.0,28.211999893188477,0.0,28.260000228881836,27.90999984741211,28.149999618530273,0.0,16000
2024-09-13,27.07368278503418,0.0,28.610000610351562,0.0,28.639999389648438,28.399999618530273,28.399999618530273,0.0,6000
2024-09-16,27.213729858398438,0.0,28.757999420166016,0.0,28.760000228881836,28.639999389648438,28.709999084472656,0.0,9800
2024-09-17,27.341482162475586,0.0,28.89299964904785,0.0,29.049999237060547,28.84000015258789,28.84000015258789,0.0,6900
2024-09-18,27.20616340637207,0.0,28.75,0.0,29.06999969482422,28.75,29.06999969482422,0.0,3000
2024-09-19,27.46166229248047,0.0,29.020000457763672,0.0,29.15999984741211,29.020000457763672,29.15999984741211,0.0,4200
2024-09-20,27.240230560302734,0.0,28.785999298095703,0.0,28.84000015258789,28.739999771118164,28.764999389648438,0.0,3400
2024-09-23,27.337697982788086,0.0,28.888999938964844,0.0,28.92099952697754,28.888999938964844,28.899999618530273,0.0,1800
2024-09-24,27.376495361328125,0.0,28.93000030517578,0.0,29.010000228881836,28.93000030517578,29.010000228881836,0.0,2200
2024-09-25,27.115318298339844,0.0,28.65399932861328,0.0,29.049999237060547,28.65399932861328,29.049999237060547,0.0,4800
2024-09-26,27.38595962524414,0.0,28.940000534057617,0.0,29.0,28.940000534057617,28.940000534057617,0.0,1500
2024-09-27,27.595478057861328,0.0,28.97599983215332,0.184,29.15999984741211,28.8799991607666,28.93000030517578,0.0,7200
2024-09-30,27.559288024902344,0.0,28.937999725341797,0.0,28.979000091552734,28.770000457763672,28.888999938964844,0.0,29500
2024-10-01,27.461193084716797,0.0,28.834999084472656,0.0,30.1200008392334,28.719999313354492,30.1200008392334,0.0,12800
2024-10-02,27.36119842529297,0.0,28.729999542236328,0.0,28.90999984741211,28.729999542236328,28.850000381469727,0.0,4000
2024-10-03,27.26881980895996,0.0,28.632999420166016,0.0,28.68000030517578,28.549999237060547,28.649999618530273,0.0,9300
2024-10-04,27.446908950805664,0.0,28.81999969482422,0.0,28.8700008392334,28.7189998626709,28.850000381469727,0.0,1900
2024-10-07,27.12310791015625,0.0,28.479999542236328,0.0,28.577999114990234,28.479999542236328,28.577999114990234,0.0,3000
2024-10-08,27.191679000854492,0.0,28.552000045776367,0.0,28.552000045776367,28.3799991607666,28.520000457763672,0.0,7900
2024-10-09,27.34500503540039,0.0,28.71299934387207,0.0,28.790000915527344,28.540000915527344,28.649999618530273,0.0,1900
2024-10-10,27.322153091430664,0.0,28.68899917602539,0.0,28.724000930786133,28.617000579833984,28.724000930786133,0.0,500
2024-10-11,27.570714950561523,0.0,28.950000762939453,0.0,28.979999542236328,28.82900047302246,28.84000015258789,0.0,134800
2024-10-14,27.72404670715332,0.0,29.111000061035156,0.0,29.1299991607666,28.9689998626709,28.969999313354492,0.0,1200
2024-10-15,27.61357307434082,0.0,28.9950008392334,0.0,29.339000701904297,28.979999542236328,29.149999618530273,0.0,15000
2024-10-16,27.810712814331055,0.0,29.20199966430664,0.0,29.25,29.149999618530273,29.209999084472656,0.0,12300
2024-10-17,27.861183166503906,0.0,29.2549991607666,0.0,29.290000915527344,29.15999984741211,29.280000686645508,0.0,9300
2024-10-18,27.89451789855957,0.0,29.290000915527344,0.0,29.31999969482422,29.190000534057617,29.299999237060547,0.0,13100
2024-10-21,27.564050674438477,0.0,28.94300079345703,0.0,29.219999313354492,28.93000030517578,29.219999313354492,0.0,4100
2024-10-22,27.334529876708984,0.0,28.70199966430664,0.0,28.729999542236328,28.599000930786133,28.6299991607666,0.0,3800
2024-10-23,27.265960693359375,0.0,28.6299991607666,0.0,28.65999984741211,28.530000686645508,28.583999633789062,0.0,1200
2024-10-24,27.304058074951172,0.0,28.670000076293945,0.0,28.719999313354492,28.6299991607666,28.690000534057617,0.0,4100
2024-10-25,27.137392044067383,0.0,28.4950008392334,0.0,28.78499984741211,28.4950008392334,28.78499984741211,0.0,2100
2024-10-28,27.307865142822266,0.0,28.673999786376953,0.0,28.719999313354492,28.660999298095703,28.719999313354492,0.0,1900
2024-10-29,27.113584518432617,0.0,28.469999313354492,0.0,28.6200008392334,28.469999313354492,28.6200008392334,0.0,5100
2024-10-30,27.125965118408203,0.0,28.482999801635742,0.0,28.700000762939453,28.482999801635742,28.489999771118164,0.0,3800
2024-10-31,26.941207885742188,0.0,28.288999557495117,0.0,28.489999771118164,28.288999557495117,28.489999771118164,0.0,2400
2024-11-01,26.970733642578125,0.0,28.31999969482422,0.0,28.399999618530273,28.299999237060547,28.389999389648438,0.0,5300
2024-11-04,26.95644760131836,0.0,28.30500030517578,0.0,28.510000228881836,28.270000457763672,28.40999984741211,0.0,4700
2024-11-05,27.02787208557129,0.0,28.3799991607666,0.0,28.440000534057617,28.263999938964844,28.263999938964844,0.0,16900
2024-11-06,27.465957641601562,0.0,28.84000015258789,0.0,28.93000030517578,28.719999313354492,28.892000198364258,0.0,9200
2024-11-07,27.370723724365234,0.0,28.739999771118164,0.0,28.90999984741211,28.719999313354492,28.90999984741211,0.0,32100
2024-11-08,27.33738899230957,0.0,28.704999923706055,0.0,28.790000915527344,28.665000915527344,28.790000915527344,0.0,6700
2024-11-11,27.358341217041016,0.0,28.726999282836914,0.0,28.84000015258789,28.700000762939453,28.770000457763672,0.0,15200
2024-11-12,27.132631301879883,0.0,28.489999771118164,0.0,28.69499969482422,28.489999771118164,28.69499969482422,0.0,3400
2024-11-13,27.152631759643555,0.0,28.51099967956543,0.0,28.579999923706055,28.506000518798828,28.530000686645508,0.0,11700
2024-11-14,27.109773635864258,0.0,28.465999603271484,0.0,28.6299991607666,28.465999603271484,28.6299991607666,0.0,41500
2024-11-15,26.867874145507812,0.0,28.211999893188477,0.0,28.520000457763672,28.211999893188477,28.479999542236328,0.0,31400
2024-11-18,27.000255584716797,0.0,28.35099983215332,0.0,28.35099983215332,28.290000915527344,28.290000915527344,0.0,11200
2024-11-19,26.723115921020508,0.0,28.059999465942383,0.0,28.170000076293945,28.059999465942383,28.149999618530273,0.0,11900
2024-11-20,26.65645408630371,0.0,27.989999771118164,0.0,27.989999771118164,27.84000015258789,27.90999984741211,0.0,3900
2024-11-21,27.046918869018555,0.0,28.399999618530273,0.0,28.420000076293945,28.08799934387207,28.08799934387207,0.0,6100
2024-11-22,27.351675033569336,0.0,28.719999313354492,0.0,28.75,28.520000457763672,28.520000457763672,0.0,8000
2024-11-25,27.765949249267578,0.0,29.155000686645508,0.0,29.25,28.989999771118164,28.989999771118164,0.0,13700
2024-11-26,27.501195907592773,0.0,28.87700080871582,0.0,28.920000076293945,28.81999969482422,28.822999954223633,0.0,10300
2024-11-27,27.610713958740234,0.0,28.992000579833984,0.0,29.09000015258789,28.969999313354492,29.038999557495117,0.0,14500
2024-11-29,27.656429290771484,0.0,29.040000915527344,0.0,29.114999771118164,29.040000915527344,29.040000915527344,0.0,700
2024-12-02,27.72404670715332,0.0,29.111000061035156,0.0,29.170000076293945,28.97599983215332,28.989999771118164,0.0,103100
2024-12-03,27.558334350585938,0.0,28.937000274658203,0.0,29.020000457763672,28.934999465942383,28.959999084472656,0.0,13700
2024-12-04,27.36119842529297,0.0,28.729999542236328,0.0,28.795000076293945,28.690000534057617,28.780000686645508,0.0,7700
2024-12-05,27.27167510986328,0.0,28.63599967956543,0.0,28.809999465942383,28.6299991607666,28.760000228881836,0.0,8500
2024-12-06,27.172632217407227,0.0,28.531999588012695,0.0,28.709999084472656,28.5,28.709999084472656,0.0,5300
2024-12-09,27.325960159301758,0.0,28.69300079345703,0.0,28.95400047302246,28.68000030517578,28.68000030517578,0.0,3500
2024-12-10,27.113584518432617,0.0,28.469999313354492,0.0,28.690000534057617,28.378999710083008,28.670000076293945,0.0,12100
2024-12-11,27.089773178100586,0.0,28.44499969482422,0.0,28.600000381469727,28.44499969482422,28.579999923706055,0.0,41700
2024-12-12,27.04311180114746,0.0,28.395999908447266,0.0,28.43000030517578,28.364999771118164,28.3700008392334,0.0,69000
2024-12-13,26.994539260864258,0.0,28.344999313354492,0.0,28.350000381469727,28.25,28.329999923706055,0.0,1900
2024-12-16,26.770736694335938,0.0,28.110000610351562,0.0,28.360000610351562,28.100000381469727,28.299999237060547,0.0,6500
2024-12-17,26.58502960205078,0.0,27.915000915527344,0.0,28.100000381469727,27.8700008392334,27.93000030517578,0.0,13000
2024-12-18,25.94218635559082,0.0,27.239999771118164,0.0,28.020000457763672,27.239999771118164,27.969999313354492,0.0,39600
2024-12-19,25.742191314697266,0.0,27.030000686645508,0.0,27.149999618530273,27.030000686645508,27.1200008392334,0.0,7500
2024-12-20,25.925994873046875,0.0,27.222999572753906,0.0,27.391000747680664,27.18400001525879,27.190000534057617,0.0,1600
2024-12-23,25.99932861328125,0.0,27.299999237060547,0.0,27.299999237060547,27.139999389648438,27.139999389648438,0.0,5800
2024-12-24,26.080278396606445,0.0,27.385000228881836,0.0,27.420000076293945,27.350000381469727,27.350000381469727,0.0,1000
2024-12-26,26.237415313720703,0.0,27.549999237060547,0.0,27.549999237060547,27.469999313354492,27.469999313354492,0.0,1100
2024-12-27,26.046945571899414,0.0,27.350000381469727,0.0,27.489999771118164,27.350000381469727,27.392000198364258,0.0,2600
2024-12-30,25.85965347290039,0.0,26.923999786376953,0.231,27.02199935913086,26.760000228881836,27.02199935913086,0.0,4000
2024-12-31,26.03830337524414,0.0,27.110000610351562,0.0,27.1299991607666,26.959999084472656,27.020000457763672,0.0,22300
2025-01-02,25.832763671875,0.0,26.895999908447266,0.0,27.219999313354492,26.8799991607666,27.219999313354492,0.0,3600
2025-01-03,25.9998836517334,0.0,27.06999969482422,0.0,27.100000381469727,26.920000076293945,26.940000534057617,0.0,24600
2025-01-06,25.890390396118164,0.0,26.95599937438965,0.0,27.350000381469727,26.95599937438965,27.190000534057617,0.0,22400
2025-01-07,25.942256927490234,0.0,27.010000228881836,0.0,27.209999084472656,27.010000228881836,27.1200008392334,0.0,5500
2025-01-08,25.7885799407959,0.0,26.850000381469727,0.0,26.920000076293945,26.68000030517578,26.860000610351562,0.0,81700
2025-01-10,25.437047958374023,0.0,26.483999252319336,0.0,26.719999313354492,26.424999237060547,26.670000076293945,0.0,11200
2025-01-13,25.80682945251465,0.0,26.868999481201172,0.0,26.874000549316406,26.489999771118164,26.489999771118164,0.0,13500
2025-01-14,25.935531616210938,0.0,27.003000259399414,0.0,27.003000259399414,26.8799991607666,27.0,0.0,12200
2025-01-15,26.081525802612305,0.0,27.155000686645508,0.0,27.399999618530273,27.155000686645508,27.399999618530273,0.0,3300
2025-01-16,26.182374954223633,0.0,27.260000228881836,0.0,27.280000686645508,27.094999313354492,27.094999313354492,0.0,209300
2025-01-17,26.28802490234375,0.0,27.3700008392334,0.0,27.409000396728516,27.280000686645508,27.409000396728516,0.0,7500
2025-01-21,26.468589782714844,0.0,27.558000564575195,0.0,27.607999801635742,27.459999084472656,27.469999313354492,0.0,18200
2025-01-22,26.307233810424805,0.0,27.389999389648438,0.0,27.489999771118164,27.320999145507812,27.423999786376953,0.0,11400
2025-01-23,26.431133270263672,0.0,27.518999099731445,0.0,27.518999099731445,27.327999114990234,27.347999572753906,0.0,9800
2025-01-24,26.32356071472168,0.0,27.406999588012695,0.0,27.510000228881836,27.360000610351562,27.38599967956543,0.0,4700
2025-01-27,26.749048233032227,0.0,27.850000381469727,0.0,27.850000381469727,27.610000610351562,27.610000610351562,0.0,12900
2025-01-28,26.34949493408203,0.0,27.43400001525879,0.0,27.667999267578125,27.399999618530273,27.667999267578125,0.0,11700
2025-01-29,26.24192237854004,0.0,27.32200050354004,0.0,27.469999313354492,27.2810001373291,27.450000762939453,0.0,3400
2025-01-30,26.21118927001953,0.0,27.290000915527344,0.0,27.389999389648438,27.260000228881836,27.350000381469727,0.0,19500
2025-01-31,25.990278244018555,0.0,27.059999465942383,0.0,27.309999465942383,27.030000686645508,27.280000686645508,0.0,5100
2025-02-03,25.692533493041992,0.0,26.75,0.0,26.829999923706055,26.43000030517578,26.59000015258789,0.0,29500
2025-02-04,25.62529945373535,0.0,26.68000030517578,0.0,26.770000457763672,26.68000030517578,26.690000534057617,0.0,20000
2025-02-05,25.663719177246094,0.0,26.719999313354492,0.0,26.770000457763672,26.66900062561035,26.66900062561035,0.0,11600
2025-02-06,25.606090545654297,0.0,26.65999984741211,0.0,26.8700008392334,26.600000381469727,26.8700008392334,0.0,6500
2025-02-07,25.380380630493164,0.0,26.424999237060547,0.0,26.6200008392334,26.389999389648438,26.6200008392334,0.0,10100
2025-02-10,25.462020874023438,0.0,26.510000228881836,0.0,26.56599998474121,26.489999771118164,26.520000457763672,0.0,9600
2025-02-11,25.65411376953125,0.0,26.709999084472656,0.0,26.799999237060547,26.53499984741211,26.53499984741211,0.0,23500
2025-02-12,25.413997650146484,0.0,26.459999084472656,0.0,26.555999755859375,26.450000762939453,26.459999084472656,0.0,24600
2025-02-13,25.634904861450195,0.0,26.690000534057617,0.0,26.760000228881836,26.541000366210938,26.541000366210938,0.0,6200
2025-02-14,25.634904861450195,0.0,26.690000534057617,0.0,26.84000015258789,26.690000534057617,26.81999969482422,0.0,4900
2025-02-18,25.884628295898438,0.0,26.950000762939453,0.0,26.979999542236328,26.729999542236328,26.729999542236328,0.0,5300
2025-02-19,26.095932006835938,0.0,27.170000076293945,0.0,27.209999084472656,27.059999465942383,27.06999969482422,0.0,18300
2025-02-20,26.1535587310791,0.0,27.229999542236328,0.0,27.299999237060547,27.187000274658203,27.263999938964844,0.0,2000
2025-02-21,26.009489059448242,0.0,27.079999923706055,0.0,27.260000228881836,27.079999923706055,27.260000228881836,0.0,4200
2025-02-24,26.115140914916992,0.0,27.190000534057617,0.0,27.34000015258789,27.190000534057617,27.299999237060547,0.0,6400
2025-02-25,26.21118927001953,0.0,27.290000915527344,0.0,27.43000030517578,27.270000457763672,27.420000076293945,0.0,39400
2025-02-26,25.96146583557129,0.0,27.030000686645508,0.0,27.190000534057617,26.959999084472656,27.190000534057617,0.0,4900
2025-02-27,25.923046112060547,0.0,26.989999771118164,0.0,27.104000091552734,26.959999084472656,27.010000228881836,0.0,1700
2025-02-28,26.15643882751465,0.0,27.232999801635742,0.0,27.232999801635742,27.040000915527344,27.15399932861328,0.0,2200
2025-03-03,25.868301391601562,0.0,26.933000564575195,0.0,27.34000015258789,26.933000564575195,27.31999969482422,0.0,4900
2025-03-04,25.51004409790039,0.0,26.559999465942383,0.0,26.81999969482422,26.479999542236328,26.739999771118164,0.0,3000
2025-03-05,25.787620544433594,0.0,26.849000930786133,0.0,26.860000610351562,26.579999923706055,26.639999389648438,0.0,3300
2025-03-06,25.901918411254883,0.0,26.968000411987305,0.0,27.0049991607666,26.68000030517578,26.799999237060547,0.0,8900
2025-03-07,26.412885665893555,0.0,27.5,0.0,27.540000915527344,26.899999618530273,26.899999618530273,0.0,13500
2025-03-10,26.34661102294922,0.0,27.430999755859375,0.0,27.815000534057617,27.34000015258789,27.350000381469727,0.0,9300
2025-03-11,25.84524917602539,0.0,26.909000396728516,0.0,27.520000457763672,26.809999465942383,27.40999984741211,0.0,4100
2025-03-12,25.408235549926758,0.0,26.45400047302246,0.0,26.850000381469727,26.420000076293945,26.850000381469727,0.0,15100
2025-03-13,25.285295486450195,0.0,26.326000213623047,0.0,26.566999435424805,26.290000915527344,26.510000228881836,0.0,8400
2025-03-14,25.685808181762695,0.0,26.743000030517578,0.0,26.760000228881836,26.469999313354492,26.469999313354492,0.0,3600
2025-03-17,25.995084762573242,0.0,27.065000534057617,0.0,27.09000015258789,26.90999984741211,26.90999984741211,0.0,6400
2025-03-18,25.923046112060547,0.0,26.989999771118164,0.0,27.059999465942383,26.93000030517578,27.0049991607666,0.0,14900
2025-03-19,26.028697967529297,0.0,27.100000381469727,0.0,27.114999771118164,26.889999389648438,27.014999389648438,0.0,4700
2025-03-20,25.85581398010254,0.0,26.920000076293945,0.0,27.059999465942383,26.889999389648438,26.895000457763672,0.0,2200
2025-03-21,25.64643096923828,0.0,26.70199966430664,0.0,26.719999313354492,26.670000076293945,26.674999237060547,0.0,2100
2025-03-24,25.923046112060547,0.0,26.989999771118164,0.0,27.020000457763672,26.899999618530273,26.979999542236328,0.0,37500
2025-03-25,25.798185348510742,0.0,26.860000610351562,0.0,27.049999237060547,26.860000610351562,27.030000686645508,0.0,11900
2025-03-26,26.047908782958984,0.0,27.1200008392334,0.0,27.211999893188477,27.06999969482422,27.09000015258789,0.0,4700
2025-03-27,26.10553741455078,0.0,27.18000030517578,0.0,27.200000762939453,27.030000686645508,27.179000854492188,0.0,9100
2025-03-28,25.749008178710938,0.0,26.649999618530273,0.161,26.989999771118164,26.649999618530273,26.989999771118164,0.0,2700
2025-03-31,25.922924041748047,0.0,26.829999923706055,0.0,26.94499969482422,26.559999465942383,26.559999465942383,0.0,26000
2025-04-01,25.9519100189209,0.0,26.860000610351562,0.0,26.8799991607666,26.65999984741211,26.829999923706055,0.0,6000
2025-04-02,26.105533599853516,0.0,27.018999099731445,0.0,27.040000915527344,26.729999542236328,26.729999542236328,0.0,6800
2025-04-03,24.81180191040039,0.0,25.68000030517578,0.0,26.299999237060547,25.68000030517578,26.280000686645508,0.0,38700
2025-04-04,23.777978897094727,0.0,24.610000610351562,0.0,25.209999084472656,24.610000610351562,25.1299991607666,0.0,48800
2025-04-07,23.352853775024414,0.0,24.170000076293945,0.0,24.90999984741211,23.790000915527344,24.1200008392334,0.0,15700
2025-04-08,22.70550537109375,0.0,23.5,0.0,24.68000030517578,23.350000381469727,24.610000610351562,0.0,4500
2025-04-09,24.473636627197266,0.0,25.329999923706055,0.0,25.329999923706055,23.292999267578125,23.292999267578125,0.0,3900
2025-04-10,23.738365173339844,0.0,24.569000244140625,0.0,24.799999237060547,24.049999237060547,24.799999237060547,0.0,3600
2025-04-11,24.058176040649414,0.0,24.899999618530273,0.0,24.989999771118164,24.270000457763672,24.315000534057617,0.0,22800
2025-04-14,24.29972267150879,0.0,25.149999618530273,0.0,25.30500030517578,25.100000381469727,25.170000076293945,0.0,1700
2025-04-15,24.0195255279541,0.0,24.860000610351562,0.0,25.091999053955078,24.860000610351562,25.091999053955078,0.0,3200
2025-04-16,23.739328384399414,0.0,24.56999969482422,0.0,24.899999618530273,24.489999771118164,24.899999618530273,0.0,3200
2025-04-17,24.058176040649414,0.0,24.899999618530273,0.0,24.950000762939453,24.839000701904297,24.839000701904297,0.0,4800
2025-04-21,23.777978897094727,0.0,24.610000610351562,0.0,24.709999084472656,24.34000015258789,24.709999084472656,0.0,6900
2025-04-22,24.222427368164062,0.0,25.06999969482422,0.0,25.06999969482422,24.799999237060547,24.836000442504883,0.0,551500
2025-04-23,24.125808715820312,0.0,24.969999313354492,0.0,25.6299991607666,24.920000076293945,25.479999542236328,0.0,44600
2025-04-24,24.42146110534668,0.0,25.275999069213867,0.0,25.275999069213867,24.889999389648438,25.049999237060547,0.0,163500
2025-04-25,24.37701416015625,0.0,25.229999542236328,0.0,25.229999542236328,25.15999984741211,25.200000762939453,0.0,1500
2025-04-28,24.37701416015625,0.0,25.229999542236328,0.0,25.350000381469727,25.07699966430664,25.349000930786133,0.0,10000
2025-04-29,24.33837127685547,0.0,25.190000534057617,0.0,25.267000198364258,25.040000915527344,25.040000915527344,0.0,84800
2025-04-30,24.319046020507812,0.0,25.170000076293945,0.0,25.18000030517578,24.7549991607666,25.100000381469727,0.0,31200
2025-05-01,24.2127628326416,0.0,25.059999465942383,0.0,25.155000686645508,24.829999923706055,24.829999923706055,0.0,12700
2025-05-02,24.618562698364258,0.0,25.479999542236328,0.0,25.489999771118164,25.290000915527344,25.389999389648438,0.0,18800
2025-05-05,24.42532730102539,0.0,25.280000686645508,0.0,25.40999984741211,25.260000228881836,25.277000427246094,0.0,58000
2025-05-06,24.232088088989258,0.0,25.079999923706055,0.0,25.149999618530273,25.059999465942383,25.075000762939453,0.0,9800
2025-05-07,24.38667869567871,0.0,25.239999771118164,0.0,25.299999237060547,25.1200008392334,25.235000610351562,0.0,37200
2025-05-08,24.680402755737305,0.0,25.54400062561035,0.0,25.75,25.309999465942383,25.309999465942383,0.0,12100
2025-05-09,24.57025909423828,0.0,25.43000030517578,0.0,25.610000610351562,25.43000030517578,25.610000610351562,0.0,12800
2025-05-12,25.497798919677734,0.0,26.389999389648438,0.0,26.6299991607666,26.209999084472656,26.6299991607666,0.0,5000
2025-05-13,25.401182174682617,0.0,26.290000915527344,0.0,26.450000762939453,26.290000915527344,26.450000762939453,0.0,5200
2025-05-14,25.203109741210938,0.0,26.084999084472656,0.0,26.290000915527344,26.059999465942383,26.290000915527344,0.0,4200
2025-05-15,25.34320831298828,0.0,26.229999542236328,0.0,26.229999542236328,25.969999313354492,26.059999465942383,0.0,281300
2025-05-16,25.594419479370117,0.0,26.489999771118164,0.0,26.489999771118164,26.219999313354492,26.219999313354492,0.0,7100
2025-05-19,25.47847557067871,0.0,26.3700008392334,0.0,26.43000030517578,26.350000381469727,26.360000610351562,0.0,6400
2025-05-20,25.45915412902832,0.0,26.350000381469727,0.0,26.481000900268555,26.299999237060547,26.459999084472656,0.0,3600
2025-05-21,24.84562110900879,0.0,25.71500015258789,0.0,26.110000610351562,25.71500015258789,26.030000686645508,0.0,1100
2025-05-22,24.758663177490234,0.0,25.625,0.0,25.729999542236328,25.499000549316406,25.6299991607666,0.0,5900
2025-05-23,24.550931930541992,0.0,25.40999984741211,0.0,25.5049991607666,25.329999923706055,25.399999618530273,0.0,18900
2025-05-27,25.063013076782227,0.0,25.940000534057617,0.0,25.945999145507812,25.610000610351562,25.6200008392334,0.0,9400
2025-05-28,24.79248046875,0.0,25.65999984741211,0.0,26.0,25.65999984741211,26.0,0.0,235300
2025-05-29,24.908422470092773,0.0,25.780000686645508,0.0,25.799999237060547,25.709999084472656,25.75,0.0,4200
2025-05-30,24.90552520751953,0.0,25.777000427246094,0.0,25.777000427246094,25.719999313354492,25.719999313354492,0.0,500
2025-06-02,24.825332641601562,0.0,25.694000244140625,0.0,25.809999465942383,25.559999465942383,25.809999465942383,0.0,3700
2025-06-03,25.072675704956055,0.0,25.950000762939453,0.0,26.020000457763672,25.690000534057617,25.690000534057617,0.0,25600
2025-06-04,25.08330535888672,0.0,25.961000442504883,0.0,26.108999252319336,25.961000442504883,26.059999465942383,0.0,18800
2025-06-05,24.879436492919922,0.0,25.75,0.0,25.8700008392334,25.75,25.780000686645508,0.0,54100
2025-06-06,25.16349983215332,0.0,26.04400062561035,0.0,26.049999237060547,25.95599937438965,26.049999237060547,0.0,2600
2025-06-09,25.3045597076416,0.0,26.190000534057617,0.0,26.290000915527344,26.1200008392334,26.139999389648438,0.0,30600
2025-06-10,25.570266723632812,0.0,26.46500015258789,0.0,26.59000015258789,26.299999237060547,26.299999237060547,0.0,21600
2025-06-11,25.357702255249023,0.0,26.2450008392334,0.0,26.559999465942383,26.21299934387207,26.559999465942383,0.0,29100
2025-06-12,25.449491500854492,0.0,26.34000015258789,0.0,26.34000015258789,26.149999618530273,26.15999984741211,0.0,8700
2025-06-13,25.14127540588379,0.0,26.020999908447266,0.0,26.327999114990234,25.969999313354492,26.260000228881836,0.0,11600
2025-06-16,25.217605590820312,0.0,26.100000381469727,0.0,26.219999313354492,26.100000381469727,26.200000762939453,0.0,6800
2025-06-17,24.898761749267578,0.0,25.770000457763672,0.0,26.100000381469727,25.770000457763672,26.100000381469727,0.0,7100
2025-06-18,24.840787887573242,0.0,25.709999084472656,0.0,25.959999084472656,25.709999084472656,25.82200050354004,0.0,41800
2025-06-20,24.8601131439209,0.0,25.729999542236328,0.0,25.90999984741211,25.72800064086914,25.90999984741211,0.0,29200
2025-06-23,25.14997100830078,0.0,26.030000686645508,0.0,26.030000686645508,25.709999084472656,25.75,0.0,7800
2025-06-24,25.24176025390625,0.0,26.125,0.0,26.15999984741211,26.070999145507812,26.070999145507812,0.0,3900
2025-06-25,24.908422470092773,0.0,25.780000686645508,0.0,26.010000228881836,25.780000686645508,26.010000228881836,0.0,7600
2025-06-26,25.123886108398438,0.0,26.003000259399414,0.0,26.003000259399414,25.920000076293945,25.93000030517578,0.0,2600
2025-06-27,25.323945999145508,0.0,25.948999404907227,0.259,26.049999237060547,25.805999755859375,25.84000015258789,0.0,6000
2025-06-30,25.402996063232422,0.0,26.030000686645508,0.0,26.030000686645508,25.889999389648438,25.920000076293945,0.0,42500
2025-07-01,26.076374053955078,0.0,26.719999313354492,0.0,26.899999618530273,26.139999389648438,26.15999984741211,0.0,10200
2025-07-02,26.13590431213379,0.0,26.7810001373291,0.0,26.829999923706055,26.594999313354492,26.639999389648438,0.0,26200
2025-07-03,26.11248207092285,0.0,26.756999969482422,0.0,26.860000610351562,26.756999969482422,26.860000610351562,0.0,3800
2025-07-07,25.8236141204834,0.0,26.461000442504883,0.0,26.722000122070312,26.40999984741211,26.709999084472656,0.0,31600
2025-07-08,26.059785842895508,0.0,26.702999114990234,0.0,26.82699966430664,26.489999771118164,26.56999969482422,0.0,12900
2025-07-09,26.037338256835938,0.0,26.68000030517578,0.0,26.780000686645508,26.56999969482422,26.760000228881836,0.0,14500
2025-07-10,26.222763061523438,0.0,26.8700008392334,0.0,27.06999969482422,26.799999237060547,26.809999465942383,0.0,84900
2025-07-11,26.027578353881836,0.0,26.670000076293945,0.0,26.860000610351562,26.559999465942383,26.860000610351562,0.0,22500
2025-07-14,25.927059173583984,0.0,26.566999435424805,0.0,26.59000015258789,26.459999084472656,26.459999084472656,0.0,1000
2025-07-15,25.485946655273438,0.0,26.114999771118164,0.0,26.64699935913086,26.079999923706055,26.64699935913086,0.0,8800
2025-07-16,25.593297958374023,0.0,26.225000381469727,0.0,26.25,26.033000946044922,26.18000030517578,0.0,10300
2025-07-17,25.876312255859375,0.0,26.514999389648438,0.0,26.520000457763672,26.260000228881836,26.260000228881836,0.0,10000
2025-07-18,25.725046157836914,0.0,26.360000610351562,0.0,26.530000686645508,26.290000915527344,26.520000457763672,0.0,2800
2025-07-21,25.61964988708496,0.0,26.25200080871582,0.0,26.59000015258789,26.25,26.40999984741211,0.0,337300
2025-07-22,26.141759872436523,0.0,26.78700065612793,0.0,26.78700065612793,26.290000915527344,26.290000915527344,0.0,23900
2025-07-23,26.470643997192383,0.0,27.124000549316406,0.0,27.124000549316406,26.937000274658203,26.940000534057617,0.0,8800
2025-07-24,26.27838897705078,0.0,26.927000045776367,0.0,27.15999984741211,26.899999618530273,27.049999237060547,0.0,6700
2025-07-25,26.36719512939453,0.0,27.01799964904785,0.0,27.01799964904785,26.850000381469727,26.850000381469727,0.0,10700
2025-07-28,26.242279052734375,0.0,26.889999389648438,0.0,27.040000915527344,26.8700008392334,26.889999389648438,0.0,4400
2025-07-29,26.056856155395508,0.0,26.700000762939453,0.0,26.790000915527344,26.639999389648438,26.774999618530273,0.0,28400
2025-07-30,25.754322052001953,0.0,26.389999389648438,0.0,26.719999313354492,26.389999389648438,26.719999313354492,0.0,8200
2025-07-31,25.336633682250977,0.0,25.961999893188477,0.0,26.270000457763672,25.961999893188477,26.270000457763672,0.0,5000
2025-08-01,25.136571884155273,0.0,25.756999969482422,0.0,25.825000762939453,25.6200008392334,25.825000762939453,0.0,5700
2025-08-04,25.483997344970703,0.0,26.113000869750977,0.0,26.113000869750977,25.959999084472656,25.959999084472656,0.0,3500
2025-08-05,25.56890106201172,0.0,26.200000762939453,0.0,26.229999542236328,26.079999923706055,26.229999542236328,0.0,10900
2025-08-06,25.583538055419922,0.0,26.21500015258789,0.0,26.270000457763672,26.110000610351562,26.270000457763672,0.0,6900
2025-08-07,25.540597915649414,0.0,26.17099952697754,0.0,26.450000762939453,26.139999389648438,26.450000762939453,0.0,5600
2025-08-08,25.69089126586914,0.0,26.325000762939453,0.0,26.344999313354492,26.229999542236328,26.229999542236328,0.0,17800
2025-08-11,25.56402015686035,0.0,26.19499969482422,0.0,26.280000686645508,26.170000076293945,26.280000686645508,0.0,10000
2025-08-12,25.91046905517578,0.0,26.549999237060547,0.0,26.579999923706055,26.40999984741211,26.44300079345703,0.0,22600
2025-08-13,26.46186065673828,0.0,27.114999771118164,0.0,27.1200008392334,26.829999923706055,26.829999923706055,0.0,10500
2025-08-14,26.33987045288086,0.0,26.989999771118164,0.0,26.989999771118164,26.809999465942383,26.809999465942383,0.0,5400
2025-08-15,26.374027252197266,0.0,27.024999618530273,0.0,27.079999923706055,26.969999313354492,27.079999923706055,0.0,8400
2025-08-18,26.308643341064453,0.0,26.95800018310547,0.0,27.06999969482422,26.950000762939453,27.06999969482422,0.0,6300
2025-08-19,26.509679794311523,0.0,27.163999557495117,0.0,27.34000015258789,27.132999420166016,27.132999420166016,0.0,3900
2025-08-20,26.445270538330078,0.0,27.097999572753906,0.0,27.270000457763672,27.097999572753906,27.270000457763672,0.0,4800
2025-08-21,26.389644622802734,0.0,27.041000366210938,0.0,27.110000610351562,27.010000228881836,27.059999465942383,0.0,17400
2025-08-22,26.923465728759766,0.0,27.58799934387207,0.0,27.68000030517578,27.280000686645508,27.280000686645508,0.0,9700
2025-08-25,26.70583724975586,0.0,27.364999771118164,0.0,27.450000762939453,27.320999145507812,27.450000762939453,0.0,9900
2025-08-26,26.65216064453125,0.0,27.309999465942383,0.0,27.41699981689453,27.280000686645508,27.34000015258789,0.0,6500
2025-08-27,26.776103973388672,0.0,27.437000274658203,0.0,27.450000762939453,27.31999969482422,27.375,0.0,12500
2025-08-28,26.57897186279297,0.0,27.235000610351562,0.0,27.25,27.139999389648438,27.224000930786133,0.0,13700
2025-08-29,26.63654899597168,0.0,27.29400062561035,0.0,27.309999465942383,27.260000228881836,27.309999465942383,0.0,3300
2025-09-02,26.482351303100586,0.0,27.13599967956543,0.0,27.13599967956543,27.020000457763672,27.06999969482422,0.0,23700
2025-09-03,26.3818359375,0.0,27.033000946044922,0.0,27.125999450683594,26.950000762939453,27.125999450683594,0.0,196600
2025-09-04,26.47259521484375,0.0,27.125999450683594,0.0,27.160999298095703,27.049999237060547,27.1200008392334,0.0,19400
2025-09-05,26.43160629272461,0.0,27.083999633789062,0.0,27.253000259399414,26.950000762939453,27.219999313354492,0.0,31800
2025-09-08,26.374027252197266,0.0,27.024999618530273,0.0,27.030000686645508,26.90999984741211,26.920000076293945,0.0,7700
2025-09-09,26.403305053710938,0.0,27.05500030517578,0.0,27.09000015258789,26.959999084472656,26.959999084472656,0.0,18800
2025-09-10,26.254966735839844,0.0,26.902999877929688,0.0,27.0,26.75200080871582,26.930999755859375,0.0,26300
2025-09-11,26.590681076049805,0.0,27.246999740600586,0.0,27.246999740600586,27.010000228881836,27.010000228881836,0.0,13700
2025-09-12,26.39550018310547,0.0,27.047000885009766,0.0,27.229999542236328,27.047000885009766,27.229999542236328,0.0,167200
2025-09-15,26.17689323425293,0.0,26.822999954223633,0.0,27.075000762939453,26.780000686645508,27.075000762939453,0.0,8100
2025-09-16,26.129074096679688,0.0,26.77400016784668,0.0,26.889999389648438,26.739999771118164,26.889999389648438,0.0,8300
2025-09-17,26.243255615234375,0.0,26.891000747680664,0.0,27.110000610351562,26.891000747680664,26.96299934387207,0.0,6800
2025-09-18,26.294979095458984,0.0,26.944000244140625,0.0,26.959999084472656,26.91699981689453,26.91699981689453,0.0,2000
2025-09-19,26.203243255615234,0.0,26.850000381469727,0.0,26.930999755859375,26.850000381469727,26.930999755859375,0.0,1500
2025-09-22,26.22764015197754,0.0,26.875,0.0,26.875,26.791000366210938,26.81100082397461,0.0,3500
2025-09-23,26.242279052734375,0.0,26.889999389648438,0.0,26.950000762939453,26.829999923706055,26.84000015258789,0.0,9900
2025-09-24,26.191532135009766,0.0,26.83799934387207,0.0,26.93000030517578,26.81100082397461,26.93000030517578,0.0,500
2025-09-25,26.032459259033203,0.0,26.674999237060547,0.0,26.933000564575195,26.639999389648438,26.8700008392334,0.0,1300
2025-09-26,26.282291412353516,0.0,26.930999755859375,0.0,26.930999755859375,26.839000701904297,26.839000701904297,0.0,900
2025-09-29,26.32845115661621,0.0,26.80699920654297,0.171,26.829999923706055,26.75200080871582,26.75200080871582,0.0,5100
2025-09-30,26.383455276489258,0.0,26.863000869750977,0.0,26.863000869750977,26.69099998474121,26.739999771118164,0.0,17900
2025-10-01,26.385417938232422,0.0,26.864999771118164,0.0,26.902000427246094,26.780000686645508,26.8700008392334,0.0,14700
2025-10-02,26.33631134033203,0.0,26.815000534057617,0.0,26.90999984741211,26.780000686645508,26.829999923706055,0.0,18000
2025-10-03,26.459081649780273,0.0,26.940000534057617,0.0,27.049999237060547,26.916000366210938,26.916000366210938,0.0,4000
2025-10-06,26.390331268310547,0.0,26.8700008392334,0.0,26.940000534057617,26.799999237060547,26.84000015258789,0.0,11900
2025-10-07,26.346132278442383,0.0,26.825000762939453,0.0,26.920000076293945,26.780000686645508,26.844999313354492,0.0,3400
2025-10-08,26.36872100830078,0.0,26.847999572753906,0.0,26.920000076293945,26.809999465942383,26.920000076293945,0.0,41800
2025-10-09,26.21354103088379,0.0,26.690000534057617,0.0,26.889999389648438,26.670000076293945,26.889999389648438,0.0,11400
2025-10-10,25.860950469970703,0.0,26.33099937438965,0.0,26.809999465942383,26.33099937438965,26.809999465942383,0.0,3400
2025-10-13,25.942468643188477,0.0,26.413999557495117,0.0,26.472000122070312,26.309999465942383,26.309999465942383,0.0,10100
2025-10-14,26.24005889892578,0.0,26.716999053955078,0.0,26.760000228881836,26.350000381469727,26.350000381469727,0.0,4100
2025-10-15,26.133005142211914,0.0,26.607999801635742,0.0,26.8700008392334,26.530000686645508,26.760000228881836,0.0,2200
2025-10-16,25.861934661865234,0.0,26.332000732421875,0.0,26.639999389648438,26.332000732421875,26.575000762939453,0.0,2400
2025-10-17,26.184078216552734,0.0,26.65999984741211,0.0,26.65999984741211,26.472000122070312,26.506999969482422,0.0,6200
2025-10-20,26.28327178955078,0.0,26.76099967956543,0.0,26.84000015258789,26.729999542236328,26.760000228881836,0.0,18500
2025-10-21,26.48068618774414,0.0,26.961999893188477,0.0,26.972999572753906,26.729999542236328,26.729999542236328,0.0,4000
2025-10-22,26.39720344543457,0.0,26.87700080871582,0.0,27.100000381469727,26.860000610351562,26.90999984741211,0.0,7100
2025-10-23,26.388362884521484,0.0,26.868000030517578,0.0,26.959999084472656,26.75,26.959999084472656,0.0,7200
2025-10-24,26.268543243408203,0.0,26.746000289916992,0.0,26.920000076293945,26.746000289916992,26.920000076293945,0.0,2200
2025-10-27,26.390331268310547,0.0,26.8700008392334,0.0,26.8700008392334,26.809999465942383,26.809999465942383,0.0,900
2025-10-28,26.20863151550293,0.0,26.684999465942383,0.0,26.84000015258789,26.684999465942383,26.75,0.0,2600
2025-10-29,25.693984985351562,0.0,26.160999298095703,0.0,26.43000030517578,26.160999298095703,26.389999389648438,0.0,3700
2025-10-30,25.673358917236328,0.0,26.139999389648438,0.0,26.350000381469727,26.100000381469727,26.100000381469727,0.0,14100
2025-10-31,25.712646484375,0.0,26.18000030517578,0.0,26.18000030517578,25.989999771118164,25.989999771118164,0.0,1000
2025-11-03,25.641931533813477,0.0,26.107999801635742,0.0,26.280000686645508,26.059999465942383,26.280000686645508,0.0,8400
2025-11-04,25.609521865844727,0.0,26.075000762939453,0.0,26.18000030517578,26.030000686645508,26.18000030517578,0.0,20300
2025-11-05,25.805950164794922,0.0,26.274999618530273,0.0,26.308000564575195,26.139999389648438,26.139999389648438,0.0,5400
2025-11-06,25.633092880249023,0.0,26.099000930786133,0.0,26.329999923706055,26.049999237060547,26.31999969482422,0.0,304300
2025-11-07,26.005327224731445,0.0,26.47800064086914,0.0,26.479999542236328,26.260000228881836,26.260000228881836,0.0,2200
2025-11-10,25.997468948364258,0.0,26.469999313354492,0.0,26.579999923706055,26.3799991607666,26.579999923706055,0.0,20900
2025-11-11,26.21354103088379,0.0,26.690000534057617,0.0,26.709999084472656,26.530000686645508,26.530000686645508,0.0,1900
2025-11-12,26.282291412353516,0.0,26.760000228881836,0.0,26.860000610351562,26.760000228881836,26.83099937438965,0.0,12900
2025-11-13,26.20764923095703,0.0,26.68400001525879,0.0,26.84000015258789,26.670000076293945,26.809999465942383,0.0,14600
2025-11-14,26.073095321655273,0.0,26.547000885009766,0.0,26.649999618530273,26.469999313354492,26.649999618530273,0.0,6600
2025-11-17,25.655681610107422,0.0,26.121999740600586,0.0,26.540000915527344,26.10099983215332,26.540000915527344,0.0,10700
2025-11-18,25.692020416259766,0.0,26.159000396728516,0.0,26.219999313354492,26.08099937438965,26.1299991607666,0.0,2200
2025-11-19,25.54371452331543,0.0,26.007999420166016,0.0,26.110000610351562,25.959999084472656,26.110000610351562,0.0,9700
2025-11-20,25.355144500732422,0.0,25.81599998474121,0.0,26.149999618530273,25.81599998474121,26.149999618530273,0.0,18700
2025-11-21,25.905147552490234,0.0,26.375999450683594,0.0,26.469999313354492,25.981000900268555,25.981000900268555,0.0,7300
2025-11-24,25.73229217529297,0.0,26.200000762939453,0.0,26.378999710083008,26.18000030517578,26.26099967956543,0.0,11900
2025-11-25,26.115327835083008,0.0,26.59000015258789,0.0,26.614999771118164,26.413000106811523,26.413000106811523,0.0,3400
2025-11-26,26.29899024963379,0.0,26.777000427246094,0.0,26.889999389648438,26.71500015258789,26.71500015258789,0.0,31300
2025-11-28,26.424705505371094,0.0,26.905000686645508,0.0,26.959999084472656,26.795000076293945,26.795000076293945,0.0,3100
2025-12-01,26.33139991760254,0.0,26.809999465942383,0.0,27.030000686645508,26.809999465942383,26.81999969482422,0.0,1600
2025-12-02,26.313722610473633,0.0,26.79199981689453,0.0,26.844999313354492,26.684999465942383,26.71500015258789,0.0,3200
2025-12-03,26.5926513671875,0.0,27.076000213623047,0.0,27.09000015258789,26.979999542236328,26.979999542236328,0.0,46800
2025-12-04,26.612295150756836,0.0,27.09600067138672,0.0,27.15999984741211,27.040000915527344,27.1299991607666,0.0,69400
2025-12-05,26.61818504333496,0.0,27.101999282836914,0.0,27.235000610351562,27.079999923706055,27.079999923706055,0.0,23600
2025-12-08,26.405061721801758,0.0,26.885000228881836,0.0,27.030000686645508,26.885000228881836,27.003999710083008,0.0,28000
2025-12-09,26.459081649780273,0.0,26.940000534057617,0.0,27.047000885009766,26.940000534057617,27.030000686645508,0.0,2100
2025-12-10,26.81756591796875,0.0,27.30500030517578,0.0,27.30500030517578,26.959999084472656,26.985000610351562,0.0,7600
2025-12-11,27.01006507873535,0.0,27.500999450683594,0.0,27.559999465942383,27.43000030517578,27.43000030517578,0.0,5800
2025-12-12,27.0228328704834,0.0,27.513999938964844,0.0,27.68000030517578,27.492000579833984,27.670000076293945,0.0,14100
2025-12-15,27.131851196289062,0.0,27.625,0.0,27.665000915527344,27.559999465942383,27.665000915527344,0.0,3700
2025-12-16,27.068010330200195,0.0,27.559999465942383,0.0,27.570999145507812,27.527000427246094,27.527000427246094,0.0,4300
2025-12-17,27.113189697265625,0.0,27.606000900268555,0.0,27.79800033569336,27.540000915527344,27.540000915527344,0.0,20400
2025-12-18,26.955062866210938,0.0,27.44499969482422,0.0,27.75,27.43000030517578,27.68000030517578,0.0,8200
2025-12-19,26.833276748657227,0.0,27.320999145507812,0.0,27.56999969482422,27.320999145507812,27.56999969482422,0.0,5400
2025-12-22,26.925601959228516,0.0,27.415000915527344,0.0,27.510000228881836,27.3799991607666,27.450000762939453,0.0,6600
2025-12-23,26.90184783935547,0.0,27.184999465942383,0.206,27.209999084472656,27.131000518798828,27.190000534057617,0.0,5800
2025-12-24,27.054244995117188,0.0,27.339000701904297,0.0,27.3799991607666,27.229999542236328,27.239999771118164,0.0,15600
2025-12-26,27.021589279174805,0.0,27.305999755859375,0.0,27.305999755859375,27.239999771118164,27.280000686645508,0.0,4600
2025-12-29,27.00872230529785,0.0,27.292999267578125,0.0,27.329999923706055,27.239999771118164,27.329999923706055,0.0,9000
2025-12-30,26.994869232177734,0.0,27.27899932861328,0.0,27.309999465942383,27.25,27.280000686645508,0.0,9800
2025-12-31,26.80487060546875,0.0,27.086999893188477,0.0,27.229999542236328,27.086999893188477,27.229999542236328,0.0,26900
2026-01-02,26.808826446533203,0.0,27.090999603271484,0.0,27.1200008392334,26.950000762939453,27.100000381469727,0.0,2500
2026-01-05,26.918672561645508,0.0,27.20199966430664,0.0,27.34000015258789,27.040000915527344,27.040000915527344,0.0,154300
2026-01-06,27.079975128173828,0.0,27.364999771118164,0.0,27.399999618530273,27.101999282836914,27.149999618530273,0.0,81600
2026-01-07,26.783100128173828,0.0,27.065000534057617,0.0,27.40999984741211,27.049999237060547,27.40999984741211,0.0,11200
2026-01-08,27.203672409057617,0.0,27.489999771118164,0.0,27.584999084472656,26.989999771118164,26.989999771118164,0.0,14400
2026-01-09,27.41049575805664,0.0,27.698999404907227,0.0,27.709999084472656,27.545000076293945,27.6299991607666,0.0,20500
2026-01-12,27.357057571411133,0.0,27.645000457763672,0.0,27.690000534057617,27.572999954223633,27.652000427246094,0.0,19600
2026-01-13,27.357057571411133,0.0,27.645000457763672,0.0,27.719999313354492,27.540000915527344,27.719999313354492,0.0,35200
2026-01-14,27.587631225585938,0.0,27.878000259399414,0.0,27.899999618530273,27.6299991607666,27.6299991607666,0.0,8000
2026-01-15,27.708358764648438,0.0,28.0,0.0,28.049999237060547,27.81999969482422,27.979999542236328,0.0,17400
2026-01-16,27.688568115234375,0.0,27.979999542236328,0.0,28.010000228881836,27.489999771118164,27.59000015258789,0.0,33700
2026-01-20,27.36200523376465,0.0,27.649999618530273,0.0,27.770000457763672,27.6200008392334,27.690000534057617,0.0,62400
2026-01-21,27.68362045288086,0.0,27.975000381469727,0.0,28.0,27.770000457763672,27.770000457763672,0.0,12000
2026-01-22,27.747943878173828,0.0,28.040000915527344,0.0,28.114999771118164,28.020000457763672,28.030000686645508,0.0,8900
2026-01-23,27.73211097717285,0.0,28.02400016784668,0.0,28.079999923706055,27.90999984741211,28.079999923706055,0.0,8300
2026-01-26,27.7924747467041,0.0,28.084999084472656,0.0,28.166000366210938,27.969999313354492,27.969999313354492,0.0,11800
2026-01-27,27.747943878173828,0.0,28.040000915527344,0.0,28.06999969482422,28.0049991607666,28.030000686645508,0.0,3400
2026-01-28,27.580705642700195,0.0,27.871000289916992,0.0,28.059999465942383,27.829999923706055,28.059999465942383,0.0,10500
2026-01-29,27.618309020996094,0.0,27.909000396728516,0.0,28.0,27.867000579833984,27.969999313354492,0.0,4700
2026-01-30,27.851850509643555,0.0,28.145000457763672,0.0,28.18000030517578,27.860000610351562,27.8799991607666,0.0,22600
2026-02-02,27.911224365234375,0.0,28.204999923706055,0.0,28.280000686645508,28.190000534057617,28.280000686645508,0.0,5300
2026-02-03,27.701433181762695,0.0,27.993000030517578,0.0,28.229999542236328,27.940000534057617,28.059999465942383,0.0,16200
2026-02-04,28.15565299987793,0.0,28.45199966430664,0.0,28.559999465942383,28.1299991607666,28.139999389648438,0.0,10900
2026-02-05,27.99534034729004,0.0,28.290000915527344,0.0,28.479999542236328,28.235000610351562,28.40999984741211,0.0,29400
2026-02-06,28.3120059967041,0.0,28.610000610351562,0.0,28.6200008392334,28.459999084472656,28.610000610351562,0.0,3700
2026-02-09,28.247684478759766,0.0,28.545000076293945,0.0,28.56999969482422,28.40999984741211,28.56999969482422,0.0,7900
2026-02-10,28.43966293334961,0.0,28.73900032043457,0.0,28.792999267578125,28.600000381469727,28.600000381469727,0.0,5100
2026-02-11,28.335756301879883,0.0,28.634000778198242,0.0,28.65999984741211,28.56999969482422,28.65999984741211,0.0,21800
2026-02-12,28.050756454467773,0.0,28.34600067138672,0.0,28.575000762939453,28.34600067138672,28.559999465942383,0.0,4900
2026-02-13,28.170494079589844,0.0,28.466999053955078,0.0,28.59000015258789,28.360000610351562,28.360000610351562,0.0,20400
2026-02-17,28.059663772583008,0.0,28.354999542236328,0.0,28.520000457763672,28.229999542236328,28.5,0.0,7100
2026-02-18,28.158620834350586,0.0,28.454999923706055,0.0,28.459999084472656,28.329999923706055,28.389999389648438,0.0,13900
2026-02-19,28.02997589111328,0.0,28.325000762939453,0.0,28.459999084472656,28.229999542236328,28.459999084472656,0.0,20700
2026-02-20,28.02997589111328,0.0,28.325000762939453,0.0,28.415000915527344,28.209999084472656,28.260000228881836,0.0,4200
2026-02-23,27.777629852294922,0.0,28.06999969482422,0.0,28.329999923706055,28.040000915527344,28.329999923706055,0.0,4800
2026-02-24,28.0893497467041,0.0,28.385000228881836,0.0,28.399999618530273,28.1299991607666,28.1299991607666,0.0,5900
2026-02-25,28.07648468017578,0.0,28.371999740600586,0.0,28.371999740600586,28.219999313354492,28.219999313354492,0.0,2300
2026-02-26,28.249664306640625,0.0,28.547000885009766,0.0,28.59000015258789,28.405000686645508,28.524999618530273,0.0,3500
2026-02-27,28.270444869995117,0.0,28.56800079345703,0.0,28.56999969482422,28.364999771118164,28.364999771118164,0.0,1700
2026-03-02,28.256591796875,0.0,28.554000854492188,0.0,28.639999389648438,28.3700008392334,28.3700008392334,0.0,9000
2026-03-03,28.059663772583008,0.0,28.354999542236328,0.0,28.459999084472656,27.850000381469727,28.020000457763672,0.0,9600
2026-03-04,28.07648468017578,0.0,28.371999740600586,0.0,28.43000030517578,28.270000457763672,28.329999923706055,0.0,3200
2026-03-05,27.973567962646484,0.0,28.26799964904785,0.0,28.3799991607666,28.170000076293945,28.329999923706055,0.0,8200
2026-03-06,27.708358764648438,0.0,28.0,0.0,28.030000686645508,27.68000030517578,27.950000762939453,0.0,15800
2026-03-09,27.55002784729004,0.0,27.84000015258789,0.0,27.8799991607666,27.360000610351562,27.589000701904297,0.0,9600
2026-03-10,27.21158790588379,0.0,27.49799919128418,0.0,27.81999969482422,27.49799919128418,27.639999389648438,0.0,16300
2026-03-11,27.05028533935547,0.0,27.334999084472656,0.0,27.40999984741211,27.200000762939453,27.405000686645508,0.0,2700
2026-03-12,26.625755310058594,0.0,26.9060001373291,0.0,27.239999771118164,26.9060001373291,27.239999771118164,0.0,4900
2026-03-13,26.698984146118164,0.0,26.979999542236328,0.0,27.149999618530273,26.979999542236328,27.149999618530273,0.0,900
2026-03-16,26.87018394470215,0.0,27.152999877929688,0.0,27.280000686645508,27.149999618530273,27.280000686645508,0.0,2300
2026-03-17,27.079975128173828,0.0,27.364999771118164,0.0,27.514999389648438,27.364999771118164,27.514999389648438,0.0,2400
2026-03-18,26.639610290527344,0.0,26.920000076293945,0.0,27.280000686645508,26.920000076293945,27.209999084472656,0.0,9400
2026-03-19,26.57825469970703,0.0,26.857999801635742,0.0,27.0,26.760000228881836,27.0,0.0,5800
2026-03-20,26.391225814819336,0.0,26.66900062561035,0.0,26.780000686645508,26.66900062561035,26.770000457763672,0.0,2400
2026-03-23,26.522838592529297,0.0,26.802000045776367,0.0,27.045000076293945,26.802000045776367,26.85099983215332,0.0,2800
2026-03-24,26.447629928588867,0.0,26.72599983215332,0.0,26.829999923706055,26.68000030517578,26.68000030517578,0.0,12000
2026-03-25,26.57033920288086,0.0,26.850000381469727,0.0,27.040000915527344,26.729999542236328,27.030000686645508,0.0,4700
2026-03-26,26.561431884765625,0.0,26.840999603271484,0.0,27.084999084472656,26.829999923706055,26.920000076293945,0.0,13900
2026-03-27,26.162630081176758,0.0,26.437999725341797,0.0,26.719999313354492,26.437999725341797,26.719999313354492,0.0,4900
2026-03-30,26.287019729614258,0.0,26.416000366210938,0.147,26.6299991607666,26.40999984741211,26.420000076293945,0.0,2100
2026-03-31,26.596500396728516,0.0,26.726999282836914,0.0,26.75,26.55500030517578,26.700000762939453,0.0,56200
2026-04-01,26.571622848510742,0.0,26.70199966430664,0.0,26.843000411987305,26.700000762939453,26.739999771118164,0.0,6500
2026-04-02,26.47410011291504,0.0,26.604000091552734,0.0,26.829999923706055,26.299999237060547,26.399999618530273,0.0,19100
2026-04-06,26.634313583374023,0.0,26.764999389648438,0.0,26.764999389648438,26.64699935913086,26.64699935913086,0.0,9400
2026-04-07,26.517887115478516,0.0,26.648000717163086,0.0,26.68000030517578,26.59000015258789,26.635000228881836,0.0,3300
2026-04-08,27.36273956298828,0.0,27.496999740600586,0.0,27.584999084472656,27.3799991607666,27.549999237060547,0.0,5900
2026-04-09,27.449316024780273,0.0,27.583999633789062,0.0,27.649999618530273,27.31999969482422,27.34000015258789,0.0,7500
2026-04-10,27.13784408569336,0.0,27.270999908447266,0.0,27.520000457763672,27.270999908447266,27.450000762939453,0.0,3900
2026-04-13,27.602563858032227,0.0,27.738000869750977,0.0,27.738000869750977,27.229999542236328,27.229999542236328,0.0,5200
2026-04-14,27.769742965698242,0.0,27.9060001373291,0.0,27.920000076293945,27.790000915527344,27.790000915527344,0.0,1300
2026-04-15,27.74486541748047,0.0,27.881000518798828,0.0,27.905000686645508,27.809999465942383,27.8799991607666,0.0,8800
2026-04-16,27.69908905029297,0.0,27.834999084472656,0.0,28.0,27.799999237060547,27.850000381469727,0.0,19800
2026-04-17,28.251379013061523,0.0,28.389999389648438,0.0,28.56999969482422,28.389999389648438,28.40999984741211,0.0,900
2026-04-20,28.24242401123047,0.0,28.381000518798828,0.0,28.440000534057617,28.354999542236328,28.40999984741211,0.0,2100
2026-04-21,28.052356719970703,0.0,28.190000534057617,0.0,28.610000610351562,28.1200008392334,28.510000228881836,0.0,4500
2026-04-22,27.99762535095215,0.0,28.135000228881836,0.0,28.420000076293945,28.134000778198242,28.31999969482422,0.0,9500
2026-04-23,27.925975799560547,0.0,28.062999725341797,0.0,28.110000610351562,27.889999389648438,28.110000610351562,0.0,25800
2026-04-24,27.82347869873047,0.0,27.959999084472656,0.0,28.040000915527344,27.920000076293945,27.959999084472656,0.0,2400
2026-04-27,27.74486541748047,0.0,27.881000518798828,0.0,28.03499984741211,27.81999969482422,28.030000686645508,0.0,113400
2026-04-28,27.66923713684082,0.0,27.80500030517578,0.0,27.950000762939453,27.799999237060547,27.899999618530273,0.0,51200
2026-04-29,27.53290557861328,0.0,27.667999267578125,0.0,27.799999237060547,27.6200008392334,27.799999237060547,0.0,4200
2026-04-30,27.8503475189209,0.0,27.98699951171875,0.0,28.020000457763672,27.610000610351562,27.610000610351562,0.0,11200
2026-05-01,27.598583221435547,0.0,27.733999252319336,0.0,28.0,27.719999313354492,28.0,0.0,9500
2026-05-04,27.226409912109375,0.0,27.360000610351562,0.0,27.684999465942383,27.350000381469727,27.59000015258789,0.0,6700
2026-05-05,27.365726470947266,0.0,27.5,0.0,27.540000915527344,27.299999237060547,27.299999237060547,0.0,7400
2026-05-06,27.569725036621094,0.0,27.704999923706055,0.0,27.764999389648438,27.65999984741211,27.760000228881836,0.0,6300
2026-05-07,27.267208099365234,0.0,27.400999069213867,0.0,27.5,27.34000015258789,27.5,0.0,2200
2026-05-08,27.135852813720703,0.0,27.268999099731445,0.0,27.489999771118164,27.229999542236328,27.489999771118164,0.0,11500
2026-05-11,26.927873611450195,0.0,27.059999465942383,0.0,27.264999389648438,27.040000915527344,27.229999542236328,0.0,65700
2026-05-12,27.075151443481445,0.0,27.20800018310547,0.0,27.280000686645508,26.975000381469727,26.989999771118164,0.0,5300
2026-05-13,26.898021697998047,0.0,27.030000686645508,0.0,27.1200008392334,26.920000076293945,27.1200008392334,0.0,20100
2026-05-14,27.015445709228516,0.0,27.148000717163086,0.0,27.200000762939453,27.110000610351562,27.15999984741211,0.0,5600
2026-05-15,26.800498962402344,0.0,26.93199920654297,0.0,27.059999465942383,26.93199920654297,27.048999786376953,0.0,10700
2026-05-18,27.146800994873047,0.0,27.280000686645508,0.0,27.280000686645508,27.200000762939453,27.25,0.0,2300
2026-05-19,27.05823516845703,0.0,27.19099998474121,0.0,27.325000762939453,27.19099998474121,27.2450008392334,0.0,11000
2026-05-20,27.192575454711914,0.0,27.326000213623047,0.0,27.329999923706055,26.979999542236328,26.979999542236328,0.0,8900
2026-05-21,27.353784561157227,0.0,27.488000869750977,0.0,27.510000228881836,27.149999618530273,27.260000228881836,0.0,7500
2026-05-22,27.499073028564453,0.0,27.634000778198242,0.0,27.65999984741211,27.530000686645508,27.6200008392334,0.0,5500
2026-05-26,27.327911376953125,0.0,27.461999893188477,0.0,27.670000076293945,27.459999084472656,27.670000076293945,0.0,6300
2026-05-27,27.302040100097656,0.0,27.43600082397461,0.0,27.649999618530273,27.43600082397461,27.635000228881836,0.0,20800
2026-05-28,27.298057556152344,0.0,27.43199920654297,0.0,27.5,27.385000228881836,27.385000228881836,0.0,4000
2026-05-29,27.261240005493164,0.0,27.395000457763672,0.0,27.489999771118164,27.385000228881836,27.489999771118164,0.0,5400
2026-06-01,27.136850357055664,0.0,27.270000457763672,0.0,27.309999465942383,27.19499969482422,27.19499969482422,0.0,11500
2026-06-02,27.229394912719727,0.0,27.363000869750977,0.0,27.40999984741211,27.239999771118164,27.239999771118164,0.0,8300
2026-06-03,26.996536254882812,0.0,27.128999710083008,0.0,27.309999465942383,27.110000610351562,27.309999465942383,0.0,13900
2026-06-04,27.29308319091797,0.0,27.427000045776367,0.0,27.524999618530273,27.350000381469727,27.524999618530273,0.0,8300
2026-06-05,27.28114128112793,0.0,27.415000915527344,0.0,27.520000457763672,27.3799991607666,27.520000457763672,0.0,16100
2026-06-08,27.08510398864746,0.0,27.218000411987305,0.0,27.454999923706055,27.218000411987305,27.364999771118164,0.0,6300
2026-06-09,27.432397842407227,0.0,27.566999435424805,0.0,27.566999435424805,27.3799991607666,27.420000076293945,0.0,4600
2026-06-10,27.286117553710938,0.0,27.420000076293945,0.0,27.65999984741211,27.420000076293945,27.649999618530273,0.0,8200
2026-06-11,27.701080322265625,0.0,27.836999893188477,0.0,27.93000030517578,27.594999313354492,27.594999313354492,0.0,5600
2026-06-12,27.94488525390625,0.0,28.082000732421875,0.0,28.118000030517578,27.940000534057617,27.950000762939453,0.0,2200
2026-06-15,27.900104522705078,0.0,28.03700065612793,0.0,28.239999771118164,28.03700065612793,28.239999771118164,0.0,2700
2026-06-16,28.025487899780273,0.0,28.163000106811523,0.0,28.295000076293945,28.1299991607666,28.1299991607666,0.0,4300
2026-06-17,27.671226501464844,0.0,27.80699920654297,0.0,28.2450008392334,27.80699920654297,28.139999389648438,0.0,10700
2026-06-18,27.553802490234375,0.0,27.68899917602539,0.0,27.93000030517578,27.65999984741211,27.924999237060547,0.0,1900
2026-06-22,27.531909942626953,0.0,27.66699981689453,0.0,27.780000686645508,27.6200008392334,27.670000076293945,0.0,4600
2026-06-23,27.719987869262695,0.0,27.856000900268555,0.0,27.860000610351562,27.6299991607666,27.6299991607666,0.0,2600
2026-06-24,27.731929779052734,0.0,27.868000030517578,0.0,27.959999084472656,27.864999771118164,27.8799991607666,0.0,6000
2026-06-25,27.837411880493164,0.0,27.974000930786133,0.0,28.31999969482422,27.96500015258789,28.114999771118164,0.0,2400
2026-06-26,28.125,0.0,28.26300048828125,0.0,28.26300048828125,28.065000534057617,28.065000534057617,0.0,1000
2026-06-29,27.999000549316406,0.0,27.999000549316406,0.138,28.110000610351562,27.93000030517578,28.110000610351562,0.0,2900
2026-06-30,27.757999420166016,0.0,27.757999420166016,0.0,27.989999771118164,27.757999420166016,27.989999771118164,0.0,27000
2026-07-01,27.922000885009766,0.0,27.922000885009766,0.0,28.06999969482422,27.889999389648438,27.940000534057617,0.0,9500
2026-07-02,28.288000106811523,0.0,28.288000106811523,0.0,28.309999465942383,28.049999237060547,28.190000534057617,0.0,16600
2026-07-06,28.145999908447266,0.0,28.145999908447266,0.0,28.329999923706055,28.010000228881836,28.329999923706055,0.0,6000
2026-07-07,28.187999725341797,0.0,28.187999725341797,0.0,28.374000549316406,28.15999984741211,28.363000869750977,0.0,25500
2026-07-08,27.69099998474121,0.0,27.69099998474121,0.0,27.739999771118164,27.674999237060547,27.690000534057617,0.0,3800
2026-07-09,27.729999542236328,0.0,27.729999542236328,0.0,27.889999389648438,27.670000076293945,27.674999237060547,0.0,4400
2026-07-10,27.908000946044922,0.0,27.908000946044922,0.0,27.989999771118164,27.885000228881836,27.885000228881836,0.0,12300
2026-07-13,27.841999053955078,0.0,27.841999053955078,0.0,28.110000610351562,27.81999969482422,28.094999313354492,0.0,11500
2026-07-14,27.750999450683594,0.0,27.750999450683594,0.0,27.885000228881836,27.700000762939453,27.8700008392334,0.0,3900
2026-07-15,27.628000259399414,0.0,27.628000259399414,0.0,27.78499984741211,27.59000015258789,27.690000534057617,0.0,7200
2026-07-16,28.05900001525879,0.0,28.05900001525879,0.0,28.05900001525879,27.709999084472656,27.709999084472656,0.0,4800
2026-07-17,27.864999771118164,0.0,27.864999771118164,0.0,28.104999542236328,27.864999771118164,28.09000015258789,0.0,2800
2026-07-20,27.663000106811523,0.0,27.663000106811523,0.0,27.809999465942383,27.65999984741211,27.809999465942383,0.0,114200
2026-07-21,27.719999313354492,0.0,27.719999313354492,0.0,27.735000610351562,27.649999618530273,27.649999618530273,0.0,93700
2026-07-22,27.795000076293945,0.0,27.795000076293945,0.0,27.8799991607666,27.760000228881836,27.81999969482422,0.0,36300
2026-07-23,27.591999053955078,0.0,27.591999053955078,0.0,27.591999053955078,27.459999084472656,27.469999313354492,0.0,5400
2026-07-24,27.820999145507812,0.0,27.820999145507812,0.0,27.909000396728516,27.53700065612793,27.549999237060547,0.0,215400
2026-07-27,28.08300018310547,0.0,28.08300018310547,0.0,28.08300018310547,27.979999542236328,28.0,0.0,8400
2026-07-28,28.573999404907227,0.0,28.573999404907227,0.0,28.628000259399414,28.469999313354492,28.469999313354492,0.0,76100
2026-07-29,28.215999603271484,0.0,28.215999603271484,0.0,28.43000030517578,28.215999603271484,28.350000381469727,0.0,112400
2026-07-30,28.006999969482422,0.0,28.006999969482422,0.0,28.190000534057617,27.860000610351562,28.190000534057617,0.0,7900
2026-07-31,27.83799934387207,0.0,27.83799934387207,0.0,27.889999389648438,27.799999237060547,27.809999465942383,0.0,29900
