Date,Adj Close,Capital Gains,Close,Dividends,High,Low,Open,Stock Splits,Volume
2023-11-20,24.946151733398438,0.0,25.200000762939453,0.0,25.290000915527344,25.079999923706055,25.15999984741211,0.0,67000
2023-11-21,24.92436981201172,0.0,25.17799949645996,0.0,25.209999084472656,25.0,25.0,0.0,218300
2023-11-22,25.015443801879883,0.0,25.270000457763672,0.0,25.459999084472656,25.209999084472656,25.209999084472656,0.0,278500
2023-11-24,24.994657516479492,0.0,25.249000549316406,0.0,25.270000457763672,25.18000030517578,25.239999771118164,0.0,188900
2023-11-27,24.98574447631836,0.0,25.239999771118164,0.0,25.34000015258789,25.149999618530273,25.149999618530273,0.0,219500
2023-11-28,25.02534294128418,0.0,25.280000686645508,0.0,25.34000015258789,25.049999237060547,25.049999237060547,0.0,229300
2023-11-29,24.9560489654541,0.0,25.209999084472656,0.0,25.469999313354492,25.209999084472656,25.219999313354492,0.0,440100
2023-11-30,24.965946197509766,0.0,25.219999313354492,0.0,25.329999923706055,25.040000915527344,25.260000228881836,0.0,118400
2023-12-01,25.074840545654297,0.0,25.329999923706055,0.0,25.378999710083008,25.1299991607666,25.1299991607666,0.0,154300
2023-12-04,24.84715461730957,0.0,25.100000381469727,0.0,25.145000457763672,24.920000076293945,25.059999465942383,0.0,230300
2023-12-05,24.983768463134766,0.0,25.238000869750977,0.0,25.309999465942383,24.889999389648438,24.889999389648438,0.0,239800
2023-12-06,24.807558059692383,0.0,25.059999465942383,0.0,25.367000579833984,25.049999237060547,25.309999465942383,0.0,1793500
2023-12-07,25.12433433532715,0.0,25.3799991607666,0.0,25.399999618530273,25.18000030517578,25.290000915527344,0.0,74100
2023-12-08,25.23322868347168,0.0,25.489999771118164,0.0,25.527000427246094,25.25,25.25,0.0,157500
2023-12-11,25.29262351989746,0.0,25.549999237060547,0.0,25.549999237060547,25.34000015258789,25.34000015258789,0.0,187200
2023-12-12,25.49060821533203,0.0,25.75,0.0,25.75,25.459999084472656,25.459999084472656,0.0,129600
2023-12-13,25.757888793945312,0.0,26.020000457763672,0.0,26.045000076293945,25.729999542236328,25.729999542236328,0.0,130700
2023-12-14,25.698488235473633,0.0,25.959999084472656,0.0,26.149999618530273,25.739999771118164,26.149999618530273,0.0,201100
2023-12-15,25.738088607788086,0.0,26.0,0.0,26.09000015258789,25.8700008392334,25.8700008392334,0.0,164200
2023-12-18,25.906375885009766,0.0,26.170000076293945,0.0,26.260000228881836,26.02899932861328,26.030000686645508,0.0,164500
2023-12-19,26.05486488342285,0.0,26.31999969482422,0.0,26.329999923706055,26.149999618530273,26.149999618530273,0.0,305800
2023-12-20,25.74799346923828,0.0,26.010000228881836,0.0,26.450000762939453,26.0,26.239999771118164,0.0,180300
2023-12-21,26.03506851196289,0.0,26.299999237060547,0.0,26.299999237060547,26.100000381469727,26.170000076293945,0.0,85100
2023-12-22,26.02516746520996,0.0,26.290000915527344,0.0,26.378999710083008,26.170000076293945,26.329999923706055,0.0,126900
2023-12-26,26.07466697692871,0.0,26.34000015258789,0.0,26.389999389648438,26.270000457763672,26.270000457763672,0.0,165100
2023-12-27,26.094465255737305,0.0,26.360000610351562,0.0,26.399999618530273,26.299999237060547,26.309999465942383,0.0,150400
2023-12-28,26.123207092285156,0.0,26.360000610351562,0.029,26.420000076293945,26.31999969482422,26.34000015258789,0.0,848600
2023-12-29,25.994369506835938,0.0,26.229999542236328,0.0,26.3799991607666,26.1200008392334,26.309999465942383,0.0,99700
2024-01-02,25.617786407470703,0.0,25.850000381469727,0.0,26.020000457763672,25.719999313354492,25.950000762939453,0.0,272300
2024-01-03,25.449310302734375,0.0,25.68000030517578,0.0,25.799999237060547,25.65999984741211,25.670000076293945,0.0,153900
2024-01-04,25.29075050354004,0.0,25.520000457763672,0.0,25.780000686645508,25.520000457763672,25.639999389648438,0.0,134800
2024-01-05,25.320476531982422,0.0,25.549999237060547,0.0,25.700000762939453,25.450000762939453,25.520000457763672,0.0,114600
2024-01-08,25.806076049804688,0.0,26.040000915527344,0.0,26.049999237060547,25.56999969482422,25.56999969482422,0.0,167700
2024-01-09,25.915088653564453,0.0,26.149999618530273,0.0,26.191999435424805,25.923999786376953,25.959999084472656,0.0,142200
2024-01-10,26.162843704223633,0.0,26.399999618530273,0.0,26.420000076293945,26.1299991607666,26.1299991607666,0.0,90000
2024-01-11,26.20941925048828,0.0,26.44700050354004,0.0,26.589000701904297,26.170000076293945,26.43000030517578,0.0,99100
2024-01-12,26.242124557495117,0.0,26.479999542236328,0.0,26.55699920654297,26.399999618530273,26.540000915527344,0.0,88200
2024-01-16,26.252037048339844,0.0,26.489999771118164,0.0,26.56999969482422,26.350000381469727,26.360000610351562,0.0,110000
2024-01-17,26.123207092285156,0.0,26.360000610351562,0.0,26.360000610351562,26.149999618530273,26.25,0.0,117900
2024-01-18,26.479969024658203,0.0,26.719999313354492,0.0,26.719999313354492,26.434999465942383,26.549999237060547,0.0,139600
2024-01-19,26.87637710571289,0.0,27.1200008392334,0.0,27.1200008392334,26.76099967956543,26.790000915527344,0.0,115700
2024-01-22,26.907094955444336,0.0,27.150999069213867,0.0,27.280000686645508,27.1299991607666,27.149999618530273,0.0,240700
2024-01-23,26.985387802124023,0.0,27.229999542236328,0.0,27.229999542236328,27.097999572753906,27.209999084472656,0.0,121500
2024-01-24,27.10430908203125,0.0,27.350000381469727,0.0,27.600000381469727,27.309999465942383,27.399999618530273,0.0,339000
2024-01-25,27.114219665527344,0.0,27.360000610351562,0.0,27.479999542236328,27.239999771118164,27.40999984741211,0.0,142900
2024-01-26,27.0745792388916,0.0,27.31999969482422,0.0,27.420000076293945,27.270000457763672,27.31999969482422,0.0,145400
2024-01-29,27.35206413269043,0.0,27.600000381469727,0.0,27.600000381469727,27.31999969482422,27.3700008392334,0.0,336900
2024-01-30,27.243053436279297,0.0,27.489999771118164,0.0,27.610000610351562,27.420000076293945,27.559999465942383,0.0,126700
2024-01-31,26.707902908325195,0.0,26.950000762939453,0.0,27.329999923706055,26.94099998474121,27.229999542236328,0.0,148600
2024-02-01,27.059715270996094,0.0,27.30500030517578,0.0,27.309999465942383,27.040000915527344,27.040000915527344,0.0,107900
2024-02-02,27.639461517333984,0.0,27.889999389648438,0.0,27.920000076293945,27.399999618530273,27.450000762939453,0.0,156200
2024-02-05,27.669187545776367,0.0,27.920000076293945,0.0,27.969999313354492,27.70199966430664,27.8700008392334,0.0,140700
2024-02-06,27.689010620117188,0.0,27.940000534057617,0.0,28.010000228881836,27.77199935913086,28.0,0.0,128200
2024-02-07,28.055683135986328,0.0,28.309999465942383,0.0,28.329999923706055,28.030000686645508,28.040000915527344,0.0,81800
2024-02-08,28.09037208557129,0.0,28.344999313354492,0.0,28.39900016784668,28.309999465942383,28.309999465942383,0.0,94100
2024-02-09,28.412452697753906,0.0,28.670000076293945,0.0,28.68000030517578,28.40999984741211,28.440000534057617,0.0,150900
2024-02-12,28.243976593017578,0.0,28.5,0.0,28.739999771118164,28.440000534057617,28.690000534057617,0.0,189400
2024-02-13,27.8872127532959,0.0,28.139999389648438,0.0,28.295000076293945,27.929000854492188,28.079999923706055,0.0,170200
2024-02-14,28.204336166381836,0.0,28.459999084472656,0.0,28.46500015258789,28.20199966430664,28.31999969482422,0.0,145600
2024-02-15,28.263797760009766,0.0,28.520000457763672,0.0,28.549999237060547,28.360000610351562,28.530000686645508,0.0,123200
2024-02-16,28.075502395629883,0.0,28.329999923706055,0.0,28.610000610351562,28.299999237060547,28.579999923706055,0.0,78300
2024-02-20,27.798023223876953,0.0,28.049999237060547,0.0,28.229999542236328,27.8700008392334,28.200000762939453,0.0,147700
2024-02-21,27.738557815551758,0.0,27.989999771118164,0.0,27.989999771118164,27.739999771118164,27.850000381469727,0.0,115600
2024-02-22,28.600744247436523,0.0,28.860000610351562,0.0,28.889999389648438,28.510000228881836,28.510000228881836,0.0,155100
2024-02-23,28.56110382080078,0.0,28.81999969482422,0.0,29.079999923706055,28.760000228881836,29.010000228881836,0.0,195700
2024-02-26,28.491731643676758,0.0,28.75,0.0,28.90999984741211,28.75,28.81999969482422,0.0,708000
2024-02-27,28.571016311645508,0.0,28.829999923706055,0.0,28.829999923706055,28.670000076293945,28.780000686645508,0.0,145300
2024-02-28,28.471908569335938,0.0,28.729999542236328,0.0,28.770000457763672,28.639999389648438,28.75,0.0,150700
2024-02-29,28.620563507080078,0.0,28.8799991607666,0.0,28.969999313354492,28.719999313354492,28.84000015258789,0.0,147500
2024-03-01,28.997148513793945,0.0,29.260000228881836,0.0,29.28499984741211,28.950000762939453,28.969999313354492,0.0,132500
2024-03-04,28.858409881591797,0.0,29.1200008392334,0.0,29.290000915527344,29.1200008392334,29.25,0.0,195600
2024-03-05,28.442182540893555,0.0,28.700000762939453,0.0,28.969999313354492,28.540000915527344,28.969999313354492,0.0,174800
2024-03-06,28.571016311645508,0.0,28.829999923706055,0.0,29.0,28.7450008392334,28.90999984741211,0.0,139700
2024-03-07,28.97732925415039,0.0,29.239999771118164,0.0,29.315000534057617,28.989999771118164,29.030000686645508,0.0,166300
2024-03-08,28.670116424560547,0.0,28.93000030517578,0.0,29.520000457763672,28.889999389648438,29.31999969482422,0.0,201600
2024-03-11,28.511554718017578,0.0,28.770000457763672,0.0,28.8700008392334,28.67300033569336,28.809999465942383,0.0,178700
2024-03-12,29.03679084777832,0.0,29.299999237060547,0.0,29.315000534057617,28.81999969482422,29.030000686645508,0.0,149300
2024-03-13,28.937692642211914,0.0,29.200000762939453,0.0,29.280000686645508,29.1299991607666,29.270000457763672,0.0,196800
2024-03-14,28.957509994506836,0.0,29.219999313354492,0.0,29.3799991607666,29.06999969482422,29.299999237060547,0.0,146700
2024-03-15,28.66490936279297,0.0,28.899999618530273,0.025,29.040000915527344,28.799999237060547,29.0,0.0,197600
2024-03-18,28.88312339782715,0.0,29.1200008392334,0.0,29.3799991607666,29.079999923706055,29.079999923706055,0.0,253800
2024-03-19,29.05173683166504,0.0,29.290000915527344,0.0,29.31999969482422,28.90999984741211,29.100000381469727,0.0,256500
2024-03-20,29.408809661865234,0.0,29.649999618530273,0.0,29.68000030517578,29.270999908447266,29.34000015258789,0.0,148000
2024-03-21,29.46831703186035,0.0,29.709999084472656,0.0,29.93000030517578,29.709999084472656,29.93000030517578,0.0,184400
2024-03-22,29.52783203125,0.0,29.770000457763672,0.0,29.871999740600586,29.69499969482422,29.719999313354492,0.0,241700
2024-03-25,29.428646087646484,0.0,29.670000076293945,0.0,29.770000457763672,29.584999084472656,29.719999313354492,0.0,178500
2024-03-26,29.329458236694336,0.0,29.56999969482422,0.0,29.80500030517578,29.549999237060547,29.799999237060547,0.0,130800
2024-03-27,29.37905502319336,0.0,29.6200008392334,0.0,29.770000457763672,29.440000534057617,29.770000457763672,0.0,474500
2024-03-28,29.309621810913086,0.0,29.549999237060547,0.0,29.641000747680664,29.540000915527344,29.6200008392334,0.0,144500
2024-04-01,29.329458236694336,0.0,29.56999969482422,0.0,29.7549991607666,29.4950008392334,29.56999969482422,0.0,172200
2024-04-02,29.111251831054688,0.0,29.350000381469727,0.0,29.385000228881836,29.149999618530273,29.290000915527344,0.0,162100
2024-04-03,29.19059944152832,0.0,29.43000030517578,0.0,29.55500030517578,29.260000228881836,29.260000228881836,0.0,212100
2024-04-04,28.793851852416992,0.0,29.030000686645508,0.0,29.75,29.030000686645508,29.639999389648438,0.0,145400
2024-04-05,29.200517654418945,0.0,29.440000534057617,0.0,29.579999923706055,29.139999389648438,29.15999984741211,0.0,259800
2024-04-08,29.19059944152832,0.0,29.43000030517578,0.0,29.559999465942383,29.3799991607666,29.459999084472656,0.0,225200
2024-04-09,29.220354080200195,0.0,29.459999084472656,0.0,29.56999969482422,29.155000686645508,29.540000915527344,0.0,162200
2024-04-10,29.021984100341797,0.0,29.260000228881836,0.0,29.334999084472656,29.1200008392334,29.139999389648438,0.0,255600
2024-04-11,29.448482513427734,0.0,29.690000534057617,0.0,29.735000610351562,29.204999923706055,29.3799991607666,0.0,196100
2024-04-12,29.041820526123047,0.0,29.280000686645508,0.0,29.569000244140625,29.204999923706055,29.469999313354492,0.0,159300
2024-04-15,28.555805206298828,0.0,28.790000915527344,0.0,29.549999237060547,28.764999389648438,29.489999771118164,0.0,195600
2024-04-16,28.605398178100586,0.0,28.84000015258789,0.0,29.0049991607666,28.760000228881836,28.860000610351562,0.0,241700
2024-04-17,28.327672958374023,0.0,28.559999465942383,0.0,29.020000457763672,28.479999542236328,28.969999313354492,0.0,166400
2024-04-18,28.208650588989258,0.0,28.440000534057617,0.0,28.770000457763672,28.399999618530273,28.59000015258789,0.0,209900
2024-04-19,27.61353302001953,0.0,27.84000015258789,0.0,28.375,27.7549991607666,28.329999923706055,0.0,340100
2024-04-22,27.85158348083496,0.0,28.079999923706055,0.0,28.28499984741211,27.799999237060547,28.0,0.0,383800
2024-04-23,28.248323440551758,0.0,28.479999542236328,0.0,28.549999237060547,28.209999084472656,28.25,0.0,159900
2024-04-24,28.1987361907959,0.0,28.43000030517578,0.0,28.68000030517578,28.297000885009766,28.670000076293945,0.0,198000
2024-04-25,28.040035247802734,0.0,28.270000457763672,0.0,28.34000015258789,27.770000457763672,27.81999969482422,0.0,166800
2024-04-26,28.595481872558594,0.0,28.829999923706055,0.0,28.934999465942383,28.59000015258789,28.639999389648438,0.0,149000
2024-04-29,28.62523651123047,0.0,28.860000610351562,0.0,28.969999313354492,28.700000762939453,28.969999313354492,0.0,139000
2024-04-30,28.09954833984375,0.0,28.329999923706055,0.0,28.93000030517578,28.329999923706055,28.790000915527344,0.0,187000
2024-05-01,28.020198822021484,0.0,28.25,0.0,28.790000915527344,28.209999084472656,28.290000915527344,0.0,176100
2024-05-02,28.41694450378418,0.0,28.649999618530273,0.0,28.704999923706055,28.299999237060547,28.549999237060547,0.0,168500
2024-05-03,28.912872314453125,0.0,29.149999618530273,0.0,29.21500015258789,28.979999542236328,29.1200008392334,0.0,221700
2024-05-06,29.29970359802246,0.0,29.540000915527344,0.0,29.55500030517578,29.25,29.25,0.0,190300
2024-05-07,29.28978729248047,0.0,29.530000686645508,0.0,29.655000686645508,29.5049991607666,29.610000610351562,0.0,105100
2024-05-08,29.269948959350586,0.0,29.510000228881836,0.0,29.549999237060547,29.39299964904785,29.399999618530273,0.0,127300
2024-05-09,29.364171981811523,0.0,29.604999542236328,0.0,29.6299991607666,29.43000030517578,29.479999542236328,0.0,212500
2024-05-10,29.369136810302734,0.0,29.610000610351562,0.0,29.780000686645508,29.540000915527344,29.709999084472656,0.0,134100
2024-05-13,29.388973236083984,0.0,29.6299991607666,0.0,29.739999771118164,29.549999237060547,29.690000534057617,0.0,172900
2024-05-14,29.587345123291016,0.0,29.829999923706055,0.0,29.84600067138672,29.59600067138672,29.6200008392334,0.0,208200
2024-05-15,30.023765563964844,0.0,30.270000457763672,0.0,30.270000457763672,29.905000686645508,29.940000534057617,0.0,392100
2024-05-16,29.884904861450195,0.0,30.1299991607666,0.0,30.34000015258789,30.114999771118164,30.270000457763672,0.0,203600
2024-05-17,29.865068435668945,0.0,30.110000610351562,0.0,30.18000030517578,29.989999771118164,30.18000030517578,0.0,163600
2024-05-20,30.03368377685547,0.0,30.280000686645508,0.0,30.354999542236328,30.149999618530273,30.15999984741211,0.0,241900
2024-05-21,30.132869720458984,0.0,30.3799991607666,0.0,30.3799991607666,30.204999923706055,30.260000228881836,0.0,171500
2024-05-22,30.013845443725586,0.0,30.260000228881836,0.0,30.420000076293945,30.139999389648438,30.420000076293945,0.0,215000
2024-05-23,29.94441795349121,0.0,30.190000534057617,0.0,30.6299991607666,30.115999221801758,30.6299991607666,0.0,170800
2024-05-24,30.202302932739258,0.0,30.450000762939453,0.0,30.5049991607666,30.260000228881836,30.299999237060547,0.0,173100
2024-05-28,30.390756607055664,0.0,30.639999389648438,0.0,30.665000915527344,30.475000381469727,30.59000015258789,0.0,157700
2024-05-29,30.321325302124023,0.0,30.56999969482422,0.0,30.655000686645508,30.420000076293945,30.420000076293945,0.0,195500
2024-05-30,29.865068435668945,0.0,30.110000610351562,0.0,30.440000534057617,30.048999786376953,30.3799991607666,0.0,194300
2024-05-31,29.93449592590332,0.0,30.18000030517578,0.0,30.239999771118164,29.670000076293945,30.239999771118164,0.0,244000
2024-06-03,30.122953414916992,0.0,30.3700008392334,0.0,30.440000534057617,30.040000915527344,30.40999984741211,0.0,349700
2024-06-04,30.1923828125,0.0,30.440000534057617,0.0,30.5,30.239999771118164,30.329999923706055,0.0,223000
2024-06-05,30.777585983276367,0.0,31.030000686645508,0.0,31.030000686645508,30.6299991607666,30.690000534057617,0.0,301800
2024-06-06,30.787504196166992,0.0,31.040000915527344,0.0,31.139999389648438,30.959999084472656,31.09000015258789,0.0,231200
2024-06-07,30.747827529907227,0.0,31.0,0.0,31.200000762939453,30.920000076293945,31.040000915527344,0.0,179900
2024-06-10,30.936279296875,0.0,31.190000534057617,0.0,31.21500015258789,30.94499969482422,31.0,0.0,219300
2024-06-11,31.233842849731445,0.0,31.489999771118164,0.0,31.489999771118164,31.03499984741211,31.139999389648438,0.0,224400
2024-06-12,31.640504837036133,0.0,31.899999618530273,0.0,32.099998474121094,31.700000762939453,31.760000228881836,0.0,329800
2024-06-13,31.73969078063965,0.0,32.0,0.0,32.13999938964844,31.809999465942383,32.13999938964844,0.0,242100
2024-06-14,31.918228149414062,0.0,32.18000030517578,0.0,32.18000030517578,31.972000122070312,32.0,0.0,261800
2024-06-17,32.19594955444336,0.0,32.459999084472656,0.0,32.595001220703125,32.099998474121094,32.189998626708984,0.0,329000
2024-06-18,32.255462646484375,0.0,32.52000045776367,0.0,32.57500076293945,32.435001373291016,32.5099983215332,0.0,374900
2024-06-20,32.03725051879883,0.0,32.29999923706055,0.0,32.70100021362305,32.16999816894531,32.63999938964844,0.0,286000
2024-06-21,32.003482818603516,0.0,32.220001220703125,0.046,32.34700012207031,32.060001373291016,32.310001373291016,0.0,228100
2024-06-24,31.606168746948242,0.0,31.81999969482422,0.0,32.275001525878906,31.81999969482422,32.18000030517578,0.0,505800
2024-06-25,32.03327941894531,0.0,32.25,0.0,32.2599983215332,31.934999465942383,32.0,0.0,284100
2024-06-26,32.16240692138672,0.0,32.380001068115234,0.0,32.41999816894531,32.20000076293945,32.25,0.0,226700
2024-06-27,32.22200393676758,0.0,32.439998626708984,0.0,32.540000915527344,32.32500076293945,32.400001525878906,0.0,540300
2024-06-28,32.043209075927734,0.0,32.2599983215332,0.0,32.79999923706055,32.2599983215332,32.540000915527344,0.0,239600
2024-07-01,32.31139373779297,0.0,32.529998779296875,0.0,32.57099914550781,32.130001068115234,32.400001525878906,0.0,265000
2024-07-02,32.51005172729492,0.0,32.72999954223633,0.0,32.7400016784668,32.36000061035156,32.38999938964844,0.0,228400
2024-07-03,32.77824020385742,0.0,33.0,0.0,33.029998779296875,32.70000076293945,32.70000076293945,0.0,197400
2024-07-05,33.125885009765625,0.0,33.349998474121094,0.0,33.36000061035156,33.05099868774414,33.08000183105469,0.0,275100
2024-07-08,33.195411682128906,0.0,33.41999816894531,0.0,33.42499923706055,33.29999923706055,33.41999816894531,0.0,296200
2024-07-09,33.20534896850586,0.0,33.43000030517578,0.0,33.619998931884766,33.369998931884766,33.529998779296875,0.0,223100
2024-07-10,33.55299377441406,0.0,33.779998779296875,0.0,33.790000915527344,33.474998474121094,33.58000183105469,0.0,196600
2024-07-11,32.83783721923828,0.0,33.060001373291016,0.0,33.790000915527344,32.97100067138672,33.790000915527344,0.0,413000
2024-07-12,32.9868278503418,0.0,33.209999084472656,0.0,33.52000045776367,33.040000915527344,33.13999938964844,0.0,220400
2024-07-15,33.145751953125,0.0,33.369998931884766,0.0,33.630001068115234,33.209999084472656,33.40999984741211,0.0,297400
2024-07-16,33.07622146606445,0.0,33.29999923706055,0.0,33.529998779296875,33.14500045776367,33.47999954223633,0.0,251900
2024-07-17,32.11274337768555,0.0,32.33000183105469,0.0,32.7400016784668,32.29100036621094,32.7400016784668,0.0,427800
2024-07-18,31.92401695251465,0.0,32.13999938964844,0.0,32.56999969482422,31.850000381469727,32.56999969482422,0.0,394700
2024-07-19,31.616104125976562,0.0,31.829999923706055,0.0,32.2599983215332,31.799999237060547,31.989999771118164,0.0,438900
2024-07-22,32.10280990600586,0.0,32.31999969482422,0.0,32.43000030517578,32.06999969482422,32.209999084472656,0.0,249600
2024-07-23,32.152469635009766,0.0,32.369998931884766,0.0,32.619998931884766,32.33000183105469,32.34000015258789,0.0,194600
2024-07-24,30.950603485107422,0.0,31.15999984741211,0.0,31.920000076293945,31.1299991607666,31.920000076293945,0.0,437100
2024-07-25,30.6724853515625,0.0,30.8799991607666,0.0,31.55500030517578,30.579999923706055,31.190000534057617,0.0,319700
2024-07-26,30.970468521118164,0.0,31.18000030517578,0.0,31.399999618530273,31.0049991607666,31.18000030517578,0.0,249300
2024-07-29,30.98040008544922,0.0,31.190000534057617,0.0,31.510000228881836,31.1299991607666,31.309999465942383,0.0,256800
2024-07-30,30.52349090576172,0.0,30.729999542236328,0.0,31.381999969482422,30.510000228881836,31.34000015258789,0.0,278800
2024-07-31,31.38764762878418,0.0,31.600000381469727,0.0,31.729999542236328,31.299999237060547,31.389999389648438,0.0,242300
2024-08-01,30.851276397705078,0.0,31.059999465942383,0.0,32.10499954223633,30.799999237060547,31.889999389648438,0.0,364000
2024-08-02,30.08645248413086,0.0,30.290000915527344,0.0,30.59000015258789,29.950000762939453,30.290000915527344,0.0,568400
2024-08-05,29.122968673706055,0.0,29.31999969482422,0.0,29.729999542236328,28.25,28.309999465942383,0.0,790000
2024-08-06,29.40108871459961,0.0,29.600000381469727,0.0,30.097999572753906,29.18000030517578,29.440000534057617,0.0,514000
2024-08-07,29.093170166015625,0.0,29.290000915527344,0.0,30.229999542236328,29.270000457763672,30.100000381469727,0.0,414700
2024-08-08,30.04671859741211,0.0,30.25,0.0,30.280000686645508,29.530000686645508,29.790000915527344,0.0,239000
2024-08-09,30.25530433654785,0.0,30.459999084472656,0.0,30.549999237060547,30.1299991607666,30.219999313354492,0.0,260400
2024-08-12,30.36456871032715,0.0,30.56999969482422,0.0,30.770000457763672,30.389999389648438,30.520000457763672,0.0,274600
2024-08-13,31.06979751586914,0.0,31.280000686645508,0.0,31.309999465942383,30.790000915527344,30.850000381469727,0.0,239900
2024-08-14,31.18899154663086,0.0,31.399999618530273,0.0,31.510000228881836,31.104999542236328,31.420000076293945,0.0,312800
2024-08-15,31.864423751831055,0.0,32.08000183105469,0.0,32.099998474121094,31.709999084472656,31.75,0.0,281800
2024-08-16,31.89421844482422,0.0,32.11000061035156,0.0,32.20000076293945,31.940000534057617,31.969999313354492,0.0,211600
2024-08-19,32.321327209472656,0.0,32.540000915527344,0.0,32.540000915527344,32.0,32.15999984741211,0.0,254000
2024-08-20,32.271663665771484,0.0,32.4900016784668,0.0,32.63999938964844,32.349998474121094,32.52000045776367,0.0,207400
2024-08-21,32.390865325927734,0.0,32.61000061035156,0.0,32.709999084472656,32.41999816894531,32.5,0.0,150600
2024-08-22,31.973682403564453,0.0,32.189998626708984,0.0,32.85300064086914,32.099998474121094,32.779998779296875,0.0,246500
2024-08-23,32.3411979675293,0.0,32.560001373291016,0.0,32.709999084472656,32.25,32.38999938964844,0.0,193300
2024-08-26,32.172340393066406,0.0,32.38999938964844,0.0,32.650001525878906,32.22999954223633,32.63999938964844,0.0,296800
2024-08-27,32.26173400878906,0.0,32.47999954223633,0.0,32.52000045776367,32.1150016784668,32.220001220703125,0.0,189900
2024-08-28,31.88428497314453,0.0,32.099998474121094,0.0,32.45500183105469,31.889999389648438,32.439998626708984,0.0,201400
2024-08-29,31.784957885742188,0.0,32.0,0.0,32.540000915527344,31.959999084472656,32.220001220703125,0.0,213800
2024-08-30,32.11274337768555,0.0,32.33000183105469,0.0,32.380001068115234,31.969999313354492,32.20000076293945,0.0,179600
2024-09-03,31.139328002929688,0.0,31.350000381469727,0.0,32.150001525878906,31.19499969482422,32.150001525878906,0.0,265800
2024-09-04,30.990333557128906,0.0,31.200000762939453,0.0,31.459999084472656,31.010000228881836,31.079999923706055,0.0,246100
2024-09-05,31.079730987548828,0.0,31.290000915527344,0.0,31.579999923706055,31.1200008392334,31.190000534057617,0.0,152000
2024-09-06,30.33477020263672,0.0,30.540000915527344,0.0,31.329999923706055,30.469999313354492,31.329999923706055,0.0,211700
2024-09-09,30.63275718688965,0.0,30.84000015258789,0.0,30.92799949645996,30.559999465942383,30.81999969482422,0.0,165000
2024-09-10,30.91087532043457,0.0,31.1200008392334,0.0,31.139999389648438,30.735000610351562,31.0,0.0,117800
2024-09-11,31.596237182617188,0.0,31.809999465942383,0.0,31.850000381469727,30.719999313354492,31.209999084472656,0.0,142300
2024-09-12,31.914085388183594,0.0,32.130001068115234,0.0,32.220001220703125,31.735000610351562,31.8799991607666,0.0,154900
2024-09-13,32.07301330566406,0.0,32.290000915527344,0.0,32.36000061035156,32.150001525878906,32.15999984741211,0.0,146000
2024-09-16,31.953813552856445,0.0,32.16999816894531,0.0,32.18000030517578,31.93000030517578,32.09000015258789,0.0,120500
2024-09-17,31.98361587524414,0.0,32.20000076293945,0.0,32.45000076293945,32.04999923706055,32.34000015258789,0.0,226700
2024-09-18,31.904150009155273,0.0,32.119998931884766,0.0,32.54499816894531,32.060001373291016,32.279998779296875,0.0,180700
2024-09-19,32.69877243041992,0.0,32.91999816894531,0.0,33.029998779296875,32.70000076293945,32.83000183105469,0.0,251500
2024-09-20,32.59635925292969,0.0,32.779998779296875,0.037,32.90999984741211,32.66999816894531,32.849998474121094,0.0,148900
2024-09-23,32.67591094970703,0.0,32.86000061035156,0.0,32.90999984741211,32.77000045776367,32.84000015258789,0.0,287800
2024-09-24,32.87479019165039,0.0,33.060001373291016,0.0,33.060001373291016,32.650001525878906,32.97999954223633,0.0,249700
2024-09-25,32.87479019165039,0.0,33.060001373291016,0.0,33.209999084472656,33.0,33.0,0.0,258000
2024-09-26,32.984169006347656,0.0,33.16999816894531,0.0,33.5,33.0,33.470001220703125,0.0,212600
2024-09-27,32.82506561279297,0.0,33.0099983215332,0.0,33.20000076293945,32.935001373291016,33.20000076293945,0.0,198500
2024-09-30,32.99411392211914,0.0,33.18000030517578,0.0,33.18000030517578,32.803001403808594,32.93000030517578,0.0,188400
2024-10-01,32.506858825683594,0.0,32.689998626708984,0.0,33.119998931884766,32.459999084472656,33.119998931884766,0.0,200600
2024-10-02,32.53668975830078,0.0,32.720001220703125,0.0,32.83000183105469,32.41999816894531,32.61000061035156,0.0,208900
2024-10-03,32.58641052246094,0.0,32.77000045776367,0.0,32.900001525878906,32.56999969482422,32.61000061035156,0.0,162600
2024-10-04,32.95433807373047,0.0,33.13999938964844,0.0,33.13999938964844,32.79999923706055,33.130001068115234,0.0,191400
2024-10-07,32.58641052246094,0.0,32.77000045776367,0.0,33.099998474121094,32.709999084472656,33.0099983215332,0.0,225400
2024-10-08,33.05377960205078,0.0,33.2400016784668,0.0,33.29499816894531,32.959999084472656,32.970001220703125,0.0,210500
2024-10-09,33.33220672607422,0.0,33.52000045776367,0.0,33.529998779296875,33.220001220703125,33.290000915527344,0.0,264200
2024-10-10,33.35209655761719,0.0,33.540000915527344,0.0,33.59000015258789,33.290000915527344,33.40999984741211,0.0,182400
2024-10-11,33.42170333862305,0.0,33.61000061035156,0.0,33.650001525878906,33.4109992980957,33.47999954223633,0.0,225600
2024-10-14,33.700138092041016,0.0,33.88999938964844,0.0,33.9900016784668,33.75,33.75,0.0,225800
2024-10-15,33.381927490234375,0.0,33.56999969482422,0.0,34.0,33.42599868774414,34.0,0.0,309200
2024-10-16,33.41176223754883,0.0,33.599998474121094,0.0,33.63999938964844,33.33300018310547,33.540000915527344,0.0,123600
2024-10-17,33.42170333862305,0.0,33.61000061035156,0.0,33.959999084472656,33.61000061035156,33.959999084472656,0.0,167600
2024-10-18,33.63052749633789,0.0,33.81999969482422,0.0,33.86800003051758,33.75,33.81999969482422,0.0,149900
2024-10-21,33.75979995727539,0.0,33.95000076293945,0.0,33.95000076293945,33.641998291015625,33.77000045776367,0.0,147100
2024-10-22,33.749855041503906,0.0,33.939998626708984,0.0,34.05500030517578,33.694000244140625,33.75,0.0,237900
2024-10-23,33.262603759765625,0.0,33.45000076293945,0.0,33.849998474121094,33.220001220703125,33.849998474121094,0.0,175600
2024-10-24,33.441593170166016,0.0,33.630001068115234,0.0,33.654998779296875,33.439998626708984,33.61000061035156,0.0,153300
2024-10-25,33.56092071533203,0.0,33.75,0.0,34.04499816894531,33.72999954223633,33.72999954223633,0.0,172000
2024-10-28,33.59075164794922,0.0,33.779998779296875,0.0,34.029998779296875,33.779998779296875,34.029998779296875,0.0,149900
2024-10-29,33.92884826660156,0.0,34.119998931884766,0.0,34.189998626708984,33.7400016784668,33.849998474121094,0.0,181900
2024-10-30,33.839351654052734,0.0,34.029998779296875,0.0,34.2599983215332,33.98500061035156,34.150001525878906,0.0,218200
2024-10-31,32.815120697021484,0.0,33.0,0.0,33.630001068115234,33.0,33.630001068115234,0.0,306100
2024-11-01,33.11344528198242,0.0,33.29999923706055,0.0,33.529998779296875,33.12900161743164,33.20000076293945,0.0,238100
2024-11-04,33.01399612426758,0.0,33.20000076293945,0.0,33.439998626708984,33.119998931884766,33.25,0.0,227600
2024-11-05,33.43164825439453,0.0,33.619998931884766,0.0,33.65999984741211,33.290000915527344,33.290000915527344,0.0,202800
2024-11-06,34.31665802001953,0.0,34.5099983215332,0.0,34.529998779296875,34.084999084472656,34.22999954223633,0.0,357000
2024-11-07,34.82380294799805,0.0,35.02000045776367,0.0,35.084999084472656,34.709999084472656,34.7400016784668,0.0,315900
2024-11-08,34.89341354370117,0.0,35.09000015258789,0.0,35.15399932861328,34.959999084472656,35.0,0.0,299500
2024-11-11,34.86357879638672,0.0,35.060001373291016,0.0,35.18000030517578,34.86000061035156,35.18000030517578,0.0,293400
2024-11-12,34.89341354370117,0.0,35.09000015258789,0.0,35.17499923706055,34.900001525878906,35.0,0.0,288900
2024-11-13,34.81386184692383,0.0,35.0099983215332,0.0,35.22999954223633,34.91999816894531,35.13999938964844,0.0,211200
2024-11-14,34.65475845336914,0.0,34.849998474121094,0.0,35.08000183105469,34.7599983215332,35.029998779296875,0.0,169000
2024-11-15,33.86918258666992,0.0,34.060001373291016,0.0,34.52000045776367,33.93000030517578,34.52000045776367,0.0,250700
2024-11-18,34.018341064453125,0.0,34.209999084472656,0.0,34.308998107910156,33.9900016784668,34.08000183105469,0.0,193000
2024-11-19,34.32660675048828,0.0,34.52000045776367,0.0,34.560001373291016,34.02000045776367,34.02000045776367,0.0,134100
2024-11-20,34.23711013793945,0.0,34.43000030517578,0.0,34.540000915527344,34.04999923706055,34.540000915527344,0.0,221600
2024-11-21,34.32660675048828,0.0,34.52000045776367,0.0,34.70000076293945,34.04999923706055,34.70000076293945,0.0,447800
2024-11-22,34.346492767333984,0.0,34.540000915527344,0.0,34.59000015258789,34.400001525878906,34.52000045776367,0.0,206800
2024-11-25,34.346492767333984,0.0,34.540000915527344,0.0,34.88600158691406,34.402000427246094,34.7400016784668,0.0,306500
2024-11-26,34.69453430175781,0.0,34.88999938964844,0.0,34.900001525878906,34.68000030517578,34.68000030517578,0.0,321200
2024-11-27,34.475765228271484,0.0,34.66999816894531,0.0,34.79999923706055,34.43000030517578,34.79999923706055,0.0,290800
2024-11-29,34.724361419677734,0.0,34.91999816894531,0.0,35.0,34.689998626708984,34.77000045776367,0.0,223500
2024-12-02,35.10223388671875,0.0,35.29999923706055,0.0,35.369998931884766,34.97999954223633,34.97999954223633,0.0,272600
2024-12-03,35.301116943359375,0.0,35.5,0.0,35.5,35.209999084472656,35.220001220703125,0.0,225700
2024-12-04,35.79831314086914,0.0,36.0,0.0,36.0,35.66999816894531,35.709999084472656,0.0,352300
2024-12-05,35.76848602294922,0.0,35.970001220703125,0.0,36.099998474121094,35.939998626708984,36.04999923706055,0.0,249300
2024-12-06,36.03696823120117,0.0,36.2400016784668,0.0,36.25,36.0,36.0,0.0,262700
2024-12-09,35.82814407348633,0.0,36.029998779296875,0.0,36.22999954223633,35.89500045776367,36.18000030517578,0.0,291400
2024-12-10,35.74859619140625,0.0,35.95000076293945,0.0,36.29999923706055,35.84000015258789,36.150001525878906,0.0,324900
2024-12-11,36.32534408569336,0.0,36.529998779296875,0.0,36.564998626708984,36.20800018310547,36.220001220703125,0.0,224000
2024-12-12,36.056854248046875,0.0,36.2599983215332,0.0,36.459999084472656,36.25,36.40999984741211,0.0,234900
2024-12-13,36.11651611328125,0.0,36.31999969482422,0.0,36.573001861572266,36.150001525878906,36.470001220703125,0.0,260300
2024-12-16,36.6236686706543,0.0,36.83000183105469,0.0,36.869998931884766,36.47600173950195,36.5,0.0,366700
2024-12-17,36.54411315917969,0.0,36.75,0.0,36.7859992980957,36.5099983215332,36.68000030517578,0.0,279800
2024-12-18,35.31105422973633,0.0,35.5099983215332,0.0,36.90999984741211,35.41999816894531,36.75,0.0,329700
2024-12-19,35.33094787597656,0.0,35.529998779296875,0.0,35.91999816894531,35.4900016784668,35.90999984741211,0.0,369100
2024-12-20,35.66650390625,0.0,35.81999969482422,0.047,36.19499969482422,35.11000061035156,35.290000915527344,0.0,268100
2024-12-23,36.0847053527832,0.0,36.2400016784668,0.0,36.2400016784668,35.70000076293945,35.95000076293945,0.0,392800
2024-12-24,36.54273223876953,0.0,36.70000076293945,0.0,36.70000076293945,36.31800079345703,36.38999938964844,0.0,245800
2024-12-26,36.44316101074219,0.0,36.599998474121094,0.0,36.709999084472656,36.43000030517578,36.54999923706055,0.0,177400
2024-12-27,35.925392150878906,0.0,36.08000183105469,0.0,36.41999816894531,35.790000915527344,36.41999816894531,0.0,258500
2024-12-30,35.497230529785156,0.0,35.650001525878906,0.0,35.939998626708984,35.430999755859375,35.54999923706055,0.0,397200
2024-12-31,35.20848083496094,0.0,35.36000061035156,0.0,35.81999969482422,35.29999923706055,35.81999969482422,0.0,323600
2025-01-02,35.16864776611328,0.0,35.31999969482422,0.0,35.72999954223633,34.97999954223633,35.56999969482422,0.0,364200
2025-01-03,35.69636917114258,0.0,35.849998474121094,0.0,35.90999984741211,35.472999572753906,35.529998779296875,0.0,735700
2025-01-06,36.19423294067383,0.0,36.349998474121094,0.0,36.560001373291016,36.16600036621094,36.33000183105469,0.0,347400
2025-01-07,35.47732162475586,0.0,35.630001068115234,0.0,36.4900016784668,35.540000915527344,36.4900016784668,0.0,358600
2025-01-08,35.56693649291992,0.0,35.720001220703125,0.0,35.79999923706055,35.40700149536133,35.68000030517578,0.0,507700
2025-01-10,35.019287109375,0.0,35.16999816894531,0.0,35.5,34.84000015258789,35.5,0.0,717000
2025-01-13,34.85001754760742,0.0,35.0,0.0,35.005001068115234,34.529998779296875,34.63999938964844,0.0,348500
2025-01-14,34.72057342529297,0.0,34.869998931884766,0.0,35.25,34.6349983215332,35.189998626708984,0.0,389500
2025-01-15,35.58684539794922,0.0,35.7400016784668,0.0,35.75,35.2599983215332,35.38999938964844,0.0,308700
2025-01-16,35.2980842590332,0.0,35.45000076293945,0.0,35.90999984741211,35.41999816894531,35.90999984741211,0.0,343500
2025-01-17,35.71628952026367,0.0,35.869998931884766,0.0,36.029998779296875,35.724998474121094,35.959999084472656,0.0,502700
2025-01-21,35.955265045166016,0.0,36.11000061035156,0.0,36.11000061035156,35.70000076293945,36.08000183105469,0.0,1686200
2025-01-22,36.37345886230469,0.0,36.529998779296875,0.0,36.65999984741211,36.387001037597656,36.43000030517578,0.0,711100
2025-01-23,36.492950439453125,0.0,36.650001525878906,0.0,36.650001525878906,36.33000183105469,36.43000030517578,0.0,448200
2025-01-24,36.313716888427734,0.0,36.470001220703125,0.0,36.779998779296875,36.349998474121094,36.720001220703125,0.0,314800
2025-01-27,35.25825500488281,0.0,35.40999984741211,0.0,35.66999816894531,35.150001525878906,35.150001525878906,0.0,501300
2025-01-28,35.985130310058594,0.0,36.13999938964844,0.0,36.189998626708984,35.34299850463867,35.58000183105469,0.0,440900
2025-01-29,35.766075134277344,0.0,35.91999816894531,0.0,36.04999923706055,35.61000061035156,36.04999923706055,0.0,440600
2025-01-30,35.81585693359375,0.0,35.970001220703125,0.0,36.18000030517578,35.63999938964844,36.0,0.0,301400
2025-01-31,35.71628952026367,0.0,35.869998931884766,0.0,36.52000045776367,35.81999969482422,36.29999923706055,0.0,438500
2025-02-03,35.34787368774414,0.0,35.5,0.0,35.720001220703125,35.06999969482422,35.15999984741211,0.0,457200
2025-02-04,35.74616241455078,0.0,35.900001525878906,0.0,35.90599822998047,35.51599884033203,35.540000915527344,0.0,470900
2025-02-05,35.805904388427734,0.0,35.959999084472656,0.0,35.959999084472656,35.58399963378906,35.7599983215332,0.0,513000
2025-02-06,35.985130310058594,0.0,36.13999938964844,0.0,36.13999938964844,35.880001068115234,35.959999084472656,0.0,597500
2025-02-07,35.57688522338867,0.0,35.72999954223633,0.0,36.31800079345703,35.65299987792969,36.189998626708984,0.0,357800
2025-02-10,35.885562896728516,0.0,36.040000915527344,0.0,36.15999984741211,35.930999755859375,35.95000076293945,0.0,286700
2025-02-11,35.81585693359375,0.0,35.970001220703125,0.0,36.09000015258789,35.810001373291016,35.86000061035156,0.0,306800
2025-02-12,35.79594802856445,0.0,35.95000076293945,0.0,36.000999450683594,35.47999954223633,35.56999969482422,0.0,318600
2025-02-13,36.27389144897461,0.0,36.43000030517578,0.0,36.435001373291016,35.970001220703125,36.06999969482422,0.0,273500
2025-02-14,36.41328811645508,0.0,36.56999969482422,0.0,36.59000015258789,36.400001525878906,36.470001220703125,0.0,232100
2025-02-18,36.40333557128906,0.0,36.560001373291016,0.0,36.709999084472656,36.32699966430664,36.68000030517578,0.0,303500
2025-02-19,36.453121185302734,0.0,36.61000061035156,0.0,36.650001525878906,36.34000015258789,36.47999954223633,0.0,344000
2025-02-20,36.214141845703125,0.0,36.369998931884766,0.0,36.560001373291016,36.06999969482422,36.560001373291016,0.0,322500
2025-02-21,35.39766311645508,0.0,35.54999923706055,0.0,36.4370002746582,35.5,36.38999938964844,0.0,371800
2025-02-24,34.98941421508789,0.0,35.13999938964844,0.0,35.790000915527344,35.106998443603516,35.65999984741211,0.0,462500
2025-02-25,34.611045837402344,0.0,34.7599983215332,0.0,35.119998931884766,34.40999984741211,35.09000015258789,0.0,375500
2025-02-26,34.80023193359375,0.0,34.95000076293945,0.0,35.290000915527344,34.70000076293945,34.939998626708984,0.0,984100
2025-02-27,33.77464294433594,0.0,33.91999816894531,0.0,35.209999084472656,33.91999816894531,35.16999816894531,0.0,413200
2025-02-28,34.391990661621094,0.0,34.540000915527344,0.0,34.58000183105469,33.650001525878906,33.86000061035156,0.0,410800
2025-03-03,33.475929260253906,0.0,33.619998931884766,0.0,34.78799819946289,33.380001068115234,34.709999084472656,0.0,518300
2025-03-04,33.27678680419922,0.0,33.41999816894531,0.0,33.97999954223633,32.83000183105469,33.290000915527344,0.0,1088300
2025-03-05,33.724857330322266,0.0,33.869998931884766,0.0,33.98500061035156,33.150001525878906,33.41999816894531,0.0,550100
2025-03-06,32.7789306640625,0.0,32.91999816894531,0.0,33.65999984741211,32.790000915527344,33.27000045776367,0.0,560100
2025-03-07,32.968116760253906,0.0,33.11000061035156,0.0,33.20500183105469,32.33000183105469,32.810001373291016,0.0,543800
2025-03-10,31.643815994262695,0.0,31.780000686645508,0.0,32.4900016784668,31.46500015258789,32.470001220703125,0.0,671700
2025-03-11,31.54424285888672,0.0,31.68000030517578,0.0,32.15999984741211,31.360000610351562,31.65999984741211,0.0,631100
2025-03-12,31.99231719970703,0.0,32.130001068115234,0.0,32.400001525878906,31.76099967956543,32.27000045776367,0.0,363400
2025-03-13,31.29531478881836,0.0,31.43000030517578,0.0,32.119998931884766,31.34000015258789,32.040000915527344,0.0,731600
2025-03-14,32.09188461303711,0.0,32.22999954223633,0.0,32.30500030517578,31.799999237060547,31.799999237060547,0.0,410800
2025-03-17,32.14167404174805,0.0,32.279998779296875,0.0,32.53200149536133,32.040000915527344,32.189998626708984,0.0,461600
2025-03-18,31.608966827392578,0.0,31.7450008392334,0.0,32.130001068115234,31.59000015258789,32.130001068115234,0.0,526500
2025-03-19,32.06201934814453,0.0,32.20000076293945,0.0,32.51499938964844,31.790000915527344,31.940000534057617,0.0,502900
2025-03-20,31.98236083984375,0.0,32.119998931884766,0.0,32.57500076293945,31.969999313354492,31.969999313354492,0.0,433800
2025-03-21,32.19171905517578,0.0,32.290000915527344,0.04,32.34000015258789,31.739999771118164,31.809999465942383,0.0,357900
2025-03-24,32.889591217041016,0.0,32.9900016784668,0.0,33.08000183105469,32.720001220703125,32.810001373291016,0.0,463100
2025-03-25,33.06903839111328,0.0,33.16999816894531,0.0,33.220001220703125,33.00699996948242,33.130001068115234,0.0,909200
2025-03-26,32.351234436035156,0.0,32.45000076293945,0.0,33.119998931884766,32.349998474121094,33.119998931884766,0.0,291300
2025-03-27,32.15184020996094,0.0,32.25,0.0,32.59000015258789,32.16299819946289,32.33000183105469,0.0,364300
2025-03-28,31.34430694580078,0.0,31.440000534057617,0.0,32.20000076293945,31.3799991607666,32.150001525878906,0.0,506500
2025-03-31,31.404123306274414,0.0,31.5,0.0,31.559999465942383,30.60099983215332,30.899999618530273,0.0,447900
2025-04-01,31.683271408081055,0.0,31.780000686645508,0.0,31.854999542236328,31.25,31.360000610351562,0.0,684200
2025-04-02,31.98236083984375,0.0,32.08000183105469,0.0,32.290000915527344,31.299999237060547,31.3700008392334,0.0,338500
2025-04-03,30.038291931152344,0.0,30.1299991607666,0.0,30.7549991607666,30.086999893188477,30.549999237060547,0.0,1325600
2025-04-04,28.31355857849121,0.0,28.399999618530273,0.0,29.354999542236328,28.3700008392334,29.170000076293945,0.0,1039000
2025-04-07,28.343467712402344,0.0,28.43000030517578,0.0,29.639999389648438,26.90999984741211,27.1299991607666,0.0,1206000
2025-04-08,27.874897003173828,0.0,27.959999084472656,0.0,29.84000015258789,27.549999237060547,29.639999389648438,0.0,1018500
2025-04-09,31.115005493164062,0.0,31.209999084472656,0.0,31.399999618530273,27.920000076293945,27.920000076293945,0.0,939100
2025-04-10,29.848873138427734,0.0,29.940000534057617,0.0,30.49799919128418,29.079999923706055,30.40999984741211,0.0,665600
2025-04-11,30.457012176513672,0.0,30.549999237060547,0.0,30.6299991607666,29.749000549316406,29.809999465942383,0.0,408100
2025-04-14,30.64643669128418,0.0,30.739999771118164,0.0,31.309999465942383,30.450000762939453,31.299999237060547,0.0,596000
2025-04-15,30.64643669128418,0.0,30.739999771118164,0.0,31.0,30.625,30.729999542236328,0.0,318400
2025-04-16,29.749176025390625,0.0,29.84000015258789,0.0,30.344999313354492,29.399999618530273,30.1200008392334,0.0,495100
2025-04-17,29.67938804626465,0.0,29.770000457763672,0.0,30.059999465942383,29.610000610351562,29.989999771118164,0.0,610000
2025-04-21,28.89179229736328,0.0,28.979999542236328,0.0,29.399999618530273,28.649999618530273,29.3799991607666,0.0,375400
2025-04-22,29.66942024230957,0.0,29.760000228881836,0.0,29.979999542236328,29.30500030517578,29.34000015258789,0.0,453000
2025-04-23,30.36728858947754,0.0,30.459999084472656,0.0,31.049999237060547,30.350000381469727,30.75,0.0,329900
2025-04-24,31.254579544067383,0.0,31.350000381469727,0.0,31.389999389648438,30.59000015258789,30.59000015258789,0.0,324400
2025-04-25,31.7530574798584,0.0,31.850000381469727,0.0,31.895000457763672,31.34000015258789,31.440000534057617,0.0,616900
2025-04-28,31.733118057250977,0.0,31.829999923706055,0.0,31.979999542236328,31.40999984741211,31.90999984741211,0.0,367000
2025-04-29,31.922542572021484,0.0,32.02000045776367,0.0,32.08000183105469,31.6299991607666,31.6299991607666,0.0,479500
2025-04-30,31.922542572021484,0.0,32.02000045776367,0.0,32.11000061035156,31.149999618530273,31.459999084472656,0.0,260800
2025-05-01,32.34126281738281,0.0,32.439998626708984,0.0,32.83000183105469,32.40999984741211,32.59000015258789,0.0,301100
2025-05-02,32.80983352661133,0.0,32.90999984741211,0.0,33.040000915527344,32.619998931884766,32.790000915527344,0.0,272900
2025-05-05,32.61043930053711,0.0,32.709999084472656,0.0,32.904998779296875,32.6150016784668,32.630001068115234,0.0,183300
2025-05-06,32.301387786865234,0.0,32.400001525878906,0.0,32.619998931884766,32.209999084472656,32.33000183105469,0.0,144900
2025-05-07,32.351234436035156,0.0,32.45000076293945,0.0,32.61000061035156,32.04999923706055,32.38999938964844,0.0,183600
2025-05-08,32.59049987792969,0.0,32.689998626708984,0.0,33.0099983215332,32.45000076293945,32.7599983215332,0.0,205400
2025-05-09,32.55062484741211,0.0,32.650001525878906,0.0,32.90999984741211,32.560001373291016,32.779998779296875,0.0,451300
2025-05-12,33.99620819091797,0.0,34.099998474121094,0.0,34.099998474121094,33.60599899291992,33.970001220703125,0.0,391400
2025-05-13,34.53456497192383,0.0,34.63999938964844,0.0,34.757999420166016,34.119998931884766,34.119998931884766,0.0,1563200
2025-05-14,34.76885223388672,0.0,34.875,0.0,34.96500015258789,34.72999954223633,34.7599983215332,0.0,289700
2025-05-15,34.79377746582031,0.0,34.900001525878906,0.0,35.040000915527344,34.61899948120117,34.70000076293945,0.0,247400
2025-05-16,34.94331741333008,0.0,35.04999923706055,0.0,35.04999923706055,34.81100082397461,35.02000045776367,0.0,406200
2025-05-19,34.933349609375,0.0,35.040000915527344,0.0,35.07699966430664,34.54999923706055,34.54999923706055,0.0,246000
2025-05-20,34.7838020324707,0.0,34.88999938964844,0.0,34.959999084472656,34.69900131225586,34.900001525878906,0.0,296600
2025-05-21,34.31523513793945,0.0,34.41999816894531,0.0,35.06999969482422,34.31999969482422,34.650001525878906,0.0,177500
2025-05-22,34.39499282836914,0.0,34.5,0.0,34.7400016784668,34.380001068115234,34.41999816894531,0.0,151700
2025-05-23,34.056026458740234,0.0,34.15999984741211,0.0,34.34000015258789,33.900001525878906,33.9900016784668,0.0,225700
2025-05-27,34.83365249633789,0.0,34.939998626708984,0.0,34.96500015258789,34.53499984741211,34.56999969482422,0.0,224300
2025-05-28,34.76386642456055,0.0,34.869998931884766,0.0,35.130001068115234,34.81999969482422,35.029998779296875,0.0,199100
2025-05-29,34.81371307373047,0.0,34.91999816894531,0.0,35.349998474121094,34.72999954223633,35.349998474121094,0.0,257300
2025-05-30,34.75389862060547,0.0,34.86000061035156,0.0,34.939998626708984,34.3650016784668,34.86000061035156,0.0,143400
2025-06-02,34.9931640625,0.0,35.099998474121094,0.0,35.099998474121094,34.625,34.75,0.0,687500
2025-06-03,35.20252990722656,0.0,35.310001373291016,0.0,35.40999984741211,35.060001373291016,35.08000183105469,0.0,240600
2025-06-04,35.372013092041016,0.0,35.47999954223633,0.0,35.54100036621094,35.369998931884766,35.43000030517578,0.0,397200
2025-06-05,35.182586669921875,0.0,35.290000915527344,0.0,35.75600051879883,35.15999984741211,35.599998474121094,0.0,319200
2025-06-06,35.55146026611328,0.0,35.65999984741211,0.0,35.77000045776367,35.529998779296875,35.619998931884766,0.0,216500
2025-06-09,35.58136749267578,0.0,35.689998626708984,0.0,35.779998779296875,35.624000549316406,35.70000076293945,0.0,861000
2025-06-10,35.77079772949219,0.0,35.880001068115234,0.0,35.900001525878906,35.54999923706055,35.720001220703125,0.0,496300
2025-06-11,35.64118957519531,0.0,35.75,0.0,36.040000915527344,35.61000061035156,35.97999954223633,0.0,292100
2025-06-12,35.735897064208984,0.0,35.845001220703125,0.0,35.89500045776367,35.64400100708008,35.65999984741211,0.0,185500
2025-06-13,35.25238037109375,0.0,35.36000061035156,0.0,35.685001373291016,35.290000915527344,35.439998626708984,0.0,811600
2025-06-16,35.720947265625,0.0,35.83000183105469,0.0,35.88999938964844,35.619998931884766,35.619998931884766,0.0,340400
2025-06-17,35.372013092041016,0.0,35.47999954223633,0.0,35.7599983215332,35.45000076293945,35.619998931884766,0.0,457000
2025-06-18,35.342098236083984,0.0,35.45000076293945,0.0,35.720001220703125,35.349998474121094,35.56999969482422,0.0,359800
2025-06-20,35.11650848388672,0.0,35.18000030517578,0.044,35.63999938964844,35.11000061035156,35.59000015258789,0.0,374100
2025-06-23,35.53575134277344,0.0,35.599998474121094,0.0,35.63999938964844,35.09000015258789,35.25,0.0,591200
2025-06-24,36.064796447753906,0.0,36.130001068115234,0.0,36.20500183105469,35.94499969482422,35.970001220703125,0.0,421600
2025-06-25,36.174598693847656,0.0,36.2400016784668,0.0,36.38999938964844,36.150001525878906,36.29999923706055,0.0,416700
2025-06-26,36.494022369384766,0.0,36.560001373291016,0.0,36.632999420166016,36.279998779296875,36.400001525878906,0.0,241400
2025-06-27,36.77351379394531,0.0,36.84000015258789,0.0,36.869998931884766,36.4900016784668,36.650001525878906,0.0,329100
2025-06-30,36.96316909790039,0.0,37.029998779296875,0.0,37.119998931884766,36.84000015258789,36.9900016784668,0.0,290000
2025-07-01,36.60382080078125,0.0,36.66999816894531,0.0,36.95899963378906,36.52000045776367,36.86000061035156,0.0,405500
2025-07-02,36.87333297729492,0.0,36.939998626708984,0.0,36.939998626708984,36.630001068115234,36.65999984741211,0.0,237600
2025-07-03,37.252647399902344,0.0,37.31999969482422,0.0,37.369998931884766,37.04999923706055,37.04999923706055,0.0,165600
2025-07-07,36.953189849853516,0.0,37.02000045776367,0.0,37.1870002746582,36.8650016784668,37.130001068115234,0.0,284400
2025-07-08,36.90327835083008,0.0,36.970001220703125,0.0,37.15999984741211,36.935001373291016,37.15999984741211,0.0,248800
2025-07-09,37.24266815185547,0.0,37.310001373291016,0.0,37.38999938964844,37.130001068115234,37.13999938964844,0.0,320900
2025-07-10,37.24266815185547,0.0,37.310001373291016,0.0,37.36000061035156,37.0890007019043,37.36000061035156,0.0,262500
2025-07-11,37.08295822143555,0.0,37.150001525878906,0.0,37.290000915527344,37.04999923706055,37.11000061035156,0.0,176600
2025-07-14,37.23268127441406,0.0,37.29999923706055,0.0,37.369998931884766,37.040000915527344,37.15999984741211,0.0,276900
2025-07-15,37.24266815185547,0.0,37.310001373291016,0.0,37.61000061035156,37.310001373291016,37.54999923706055,0.0,236500
2025-07-16,37.39239501953125,0.0,37.459999084472656,0.0,37.470001220703125,37.099998474121094,37.400001525878906,0.0,493000
2025-07-17,37.58205032348633,0.0,37.650001525878906,0.0,37.720001220703125,37.459999084472656,37.459999084472656,0.0,262300
2025-07-18,37.621978759765625,0.0,37.689998626708984,0.0,37.779998779296875,37.560001373291016,37.779998779296875,0.0,279200
2025-07-21,37.741764068603516,0.0,37.810001373291016,0.0,37.946998596191406,37.70000076293945,37.709999084472656,0.0,195700
2025-07-22,37.51218032836914,0.0,37.58000183105469,0.0,37.86000061035156,37.400001525878906,37.86000061035156,0.0,407700
2025-07-23,37.80165481567383,0.0,37.869998931884766,0.0,37.869998931884766,37.529998779296875,37.75,0.0,244700
2025-07-24,37.86154556274414,0.0,37.93000030517578,0.0,38.05500030517578,37.849998474121094,37.959999084472656,0.0,231400
2025-07-25,38.06118392944336,0.0,38.130001068115234,0.0,38.20000076293945,38.0,38.040000915527344,0.0,239700
2025-07-28,38.18096923828125,0.0,38.25,0.0,38.290000915527344,38.13999938964844,38.209999084472656,0.0,207200
2025-07-29,37.96136474609375,0.0,38.029998779296875,0.0,38.369998931884766,37.97999954223633,38.369998931884766,0.0,265500
2025-07-30,38.00129318237305,0.0,38.06999969482422,0.0,38.21500015258789,37.869998931884766,38.08000183105469,0.0,312200
2025-07-31,38.13106155395508,0.0,38.20000076293945,0.0,38.84000015258789,38.11000061035156,38.84000015258789,0.0,249300
2025-08-01,37.3225212097168,0.0,37.38999938964844,0.0,37.7400016784668,37.244998931884766,37.7400016784668,0.0,395400
2025-08-04,38.06118392944336,0.0,38.130001068115234,0.0,38.167999267578125,37.720001220703125,37.720001220703125,0.0,291300
2025-08-05,37.87152862548828,0.0,37.939998626708984,0.0,38.310001373291016,37.900001525878906,38.209999084472656,0.0,360700
2025-08-06,38.34067916870117,0.0,38.40999984741211,0.0,38.46500015258789,38.0,38.0,0.0,310400
2025-08-07,38.420536041259766,0.0,38.4900016784668,0.0,38.790000915527344,38.16999816894531,38.720001220703125,0.0,596300
2025-08-08,38.78986740112305,0.0,38.86000061035156,0.0,38.880001068115234,38.6150016784668,38.630001068115234,0.0,293000
2025-08-11,38.650123596191406,0.0,38.720001220703125,0.0,39.0099983215332,38.66999816894531,38.86000061035156,0.0,261100
2025-08-12,39.09930419921875,0.0,39.16999816894531,0.0,39.19499969482422,38.72999954223633,38.90999984741211,0.0,181700
2025-08-13,39.09930419921875,0.0,39.16999816894531,0.0,39.375,39.025001525878906,39.34000015258789,0.0,290100
2025-08-14,39.169185638427734,0.0,39.2400016784668,0.0,39.34000015258789,39.06999969482422,39.08000183105469,0.0,204600
2025-08-15,39.00947570800781,0.0,39.08000183105469,0.0,39.27000045776367,38.97999954223633,39.27000045776367,0.0,363600
2025-08-18,39.09930419921875,0.0,39.16999816894531,0.0,39.185001373291016,38.97999954223633,39.06999969482422,0.0,313800
2025-08-19,38.56028366088867,0.0,38.630001068115234,0.0,39.119998931884766,38.55500030517578,39.119998931884766,0.0,461800
2025-08-20,38.320716857910156,0.0,38.38999938964844,0.0,38.56999969482422,37.900001525878906,38.56999969482422,0.0,407200
2025-08-21,38.210914611816406,0.0,38.279998779296875,0.0,38.459999084472656,38.119998931884766,38.2599983215332,0.0,6713600
2025-08-22,38.8597412109375,0.0,38.93000030517578,0.0,39.025001525878906,38.290000915527344,38.36000061035156,0.0,577800
2025-08-25,38.839778900146484,0.0,38.90999984741211,0.0,39.11000061035156,38.81700134277344,38.849998474121094,0.0,345400
2025-08-26,39.01945114135742,0.0,39.09000015258789,0.0,39.095001220703125,38.77000045776367,38.849998474121094,0.0,262900
2025-08-27,39.049400329589844,0.0,39.119998931884766,0.0,39.20000076293945,38.95000076293945,39.06999969482422,0.0,275500
2025-08-28,39.27898406982422,0.0,39.349998474121094,0.0,39.400001525878906,39.029998779296875,39.13999938964844,0.0,310300
2025-08-29,38.829795837402344,0.0,38.900001525878906,0.0,39.189998626708984,38.75,39.189998626708984,0.0,242500
2025-09-02,38.56028366088867,0.0,38.630001068115234,0.0,38.63999938964844,38.15999984741211,38.279998779296875,0.0,283100
2025-09-03,38.95956039428711,0.0,39.029998779296875,0.0,39.13999938964844,38.81999969482422,38.91999816894531,0.0,295200
2025-09-04,39.28896713256836,0.0,39.36000061035156,0.0,39.38999938964844,39.013999938964844,39.119998931884766,0.0,245500
2025-09-05,39.209110260009766,0.0,39.279998779296875,0.0,39.720001220703125,38.994998931884766,39.720001220703125,0.0,288600
2025-09-08,39.518550872802734,0.0,39.59000015258789,0.0,39.72999954223633,39.540000915527344,39.54999923706055,0.0,253500
2025-09-09,39.648319244384766,0.0,39.720001220703125,0.0,39.724998474121094,39.459999084472656,39.68000030517578,0.0,197300
2025-09-10,39.90784454345703,0.0,39.97999954223633,0.0,40.13999938964844,39.81999969482422,40.099998474121094,0.0,317600
2025-09-11,40.05757522583008,0.0,40.130001068115234,0.0,40.209999084472656,39.97999954223633,40.18000030517578,0.0,198100
2025-09-12,40.24723434448242,0.0,40.31999969482422,0.0,40.400001525878906,40.11000061035156,40.220001220703125,0.0,182100
2025-09-15,40.656490325927734,0.0,40.72999954223633,0.0,40.73500061035156,40.4739990234375,40.52000045776367,0.0,368100
2025-09-16,40.626548767089844,0.0,40.70000076293945,0.0,40.80400085449219,40.650001525878906,40.79999923706055,0.0,254700
2025-09-17,40.44687271118164,0.0,40.52000045776367,0.0,40.71900177001953,40.17900085449219,40.70000076293945,0.0,227800
2025-09-18,40.70640182495117,0.0,40.779998779296875,0.0,40.94499969482422,40.650001525878906,40.81999969482422,0.0,298000
2025-09-19,41.05107498168945,0.0,41.09000015258789,0.035,41.150001525878906,40.85499954223633,40.91999816894531,0.0,285900
2025-09-22,41.39075469970703,0.0,41.43000030517578,0.0,41.4900016784668,41.04999923706055,41.04999923706055,0.0,294400
2025-09-23,40.94617462158203,0.0,40.98500061035156,0.0,41.470001220703125,40.93000030517578,41.470001220703125,0.0,379000
2025-09-24,40.75136184692383,0.0,40.790000915527344,0.0,41.130001068115234,40.595001220703125,41.130001068115234,0.0,315800
2025-09-25,40.53156661987305,0.0,40.56999969482422,0.0,40.70000076293945,40.275001525878906,40.459999084472656,0.0,437900
2025-09-26,40.75136184692383,0.0,40.790000915527344,0.0,40.790000915527344,40.38999938964844,40.65999984741211,0.0,288400
2025-09-29,40.91120910644531,0.0,40.95000076293945,0.0,41.154998779296875,40.86000061035156,40.97999954223633,0.0,1006700
2025-09-30,41.08104705810547,0.0,41.119998931884766,0.0,41.16999816894531,40.775001525878906,40.900001525878906,0.0,892800
2025-10-01,41.28085708618164,0.0,41.31999969482422,0.0,41.39500045776367,40.90999984741211,40.93000030517578,0.0,305600
2025-10-02,41.300838470458984,0.0,41.34000015258789,0.0,41.52000045776367,41.185001373291016,41.5099983215332,0.0,776100
2025-10-03,41.150978088378906,0.0,41.189998626708984,0.0,41.43000030517578,41.03499984741211,41.369998931884766,0.0,269400
2025-10-06,41.34080123901367,0.0,41.380001068115234,0.0,41.45000076293945,41.119998931884766,41.22999954223633,0.0,327800
2025-10-07,41.0710563659668,0.0,41.11000061035156,0.0,41.44300079345703,40.9900016784668,41.40999984741211,0.0,649300
2025-10-08,41.440704345703125,0.0,41.47999954223633,0.0,41.47999954223633,41.229000091552734,41.2400016784668,0.0,223900
2025-10-09,41.37077331542969,0.0,41.40999984741211,0.0,41.5,41.25,41.470001220703125,0.0,439100
2025-10-10,40.07200622558594,0.0,40.11000061035156,0.0,41.58000183105469,40.07500076293945,41.45000076293945,0.0,525400
2025-10-13,40.88123321533203,0.0,40.91999816894531,0.0,40.959999084472656,40.56999969482422,40.77000045776367,0.0,1132300
2025-10-14,40.56153869628906,0.0,40.599998474121094,0.0,40.89500045776367,40.09000015258789,40.470001220703125,0.0,477700
2025-10-15,40.6914176940918,0.0,40.72999954223633,0.0,41.119998931884766,40.349998474121094,40.97999954223633,0.0,461300
2025-10-16,40.53156661987305,0.0,40.56999969482422,0.0,41.084999084472656,40.29999923706055,40.88999938964844,0.0,484700
2025-10-17,40.77134323120117,0.0,40.810001373291016,0.0,40.935001373291016,40.33000183105469,40.45000076293945,0.0,262800
2025-10-20,41.2608757019043,0.0,41.29999923706055,0.0,41.41699981689453,41.0,41.0,0.0,415800
2025-10-21,41.310829162597656,0.0,41.349998474121094,0.0,41.42499923706055,41.22999954223633,41.34000015258789,0.0,760400
2025-10-22,40.94118118286133,0.0,40.97999954223633,0.0,41.459999084472656,40.599998474121094,41.459999084472656,0.0,1657200
2025-10-23,41.29085159301758,0.0,41.33000183105469,0.0,41.400001525878906,40.96500015258789,40.970001220703125,0.0,304400
2025-10-24,41.64051818847656,0.0,41.68000030517578,0.0,41.82699966430664,41.61000061035156,41.650001525878906,0.0,519200
2025-10-27,42.409786224365234,0.0,42.45000076293945,0.0,42.51499938964844,42.20000076293945,42.20000076293945,0.0,890900
2025-10-28,42.83938217163086,0.0,42.880001068115234,0.0,43.016998291015625,42.56999969482422,42.72999954223633,0.0,424600
2025-10-29,43.07915115356445,0.0,43.119998931884766,0.0,43.220001220703125,42.790000915527344,43.099998474121094,0.0,418800
2025-10-30,42.38980484008789,0.0,42.43000030517578,0.0,42.83399963378906,42.400001525878906,42.83000183105469,0.0,408800
2025-10-31,42.55964279174805,0.0,42.599998474121094,0.0,42.970001220703125,42.45500183105469,42.95000076293945,0.0,264500
2025-11-03,42.73947525024414,0.0,42.779998779296875,0.0,43.01499938964844,42.65999984741211,42.939998626708984,0.0,348400
2025-11-04,41.96021270751953,0.0,42.0,0.0,42.43000030517578,41.974998474121094,42.16999816894531,0.0,502200
2025-11-05,42.08009719848633,0.0,42.119998931884766,0.0,42.42499923706055,41.880001068115234,41.970001220703125,0.0,265400
2025-11-06,41.43071746826172,0.0,41.470001220703125,0.0,42.09000015258789,41.36000061035156,42.09000015258789,0.0,286300
2025-11-07,41.29085159301758,0.0,41.33000183105469,0.0,41.35499954223633,40.599998474121094,41.220001220703125,0.0,787300
2025-11-10,42.20997619628906,0.0,42.25,0.0,42.334999084472656,41.84000015258789,41.93000030517578,0.0,431900
2025-11-11,42.23994827270508,0.0,42.279998779296875,0.0,42.31999969482422,41.93000030517578,42.06999969482422,0.0,427200
2025-11-12,42.170013427734375,0.0,42.209999084472656,0.0,42.4900016784668,41.939998626708984,42.40999984741211,0.0,311800
2025-11-13,41.29085159301758,0.0,41.33000183105469,0.0,42.0,41.20000076293945,42.0,0.0,547300
2025-11-14,41.37077331542969,0.0,41.40999984741211,0.0,41.689998626708984,40.599998474121094,40.720001220703125,0.0,708800
2025-11-17,40.951171875,0.0,40.9900016784668,0.0,41.560001373291016,40.74700164794922,41.15999984741211,0.0,423100
2025-11-18,40.471622467041016,0.0,40.5099983215332,0.0,40.86000061035156,40.22999954223633,40.70000076293945,0.0,758900
2025-11-19,40.70140838623047,0.0,40.7400016784668,0.0,41.150001525878906,40.4379997253418,40.560001373291016,0.0,345900
2025-11-20,39.892173767089844,0.0,39.93000030517578,0.0,41.75,39.869998931884766,41.61000061035156,0.0,433400
2025-11-21,40.141937255859375,0.0,40.18000030517578,0.0,40.619998931884766,39.569000244140625,40.06999969482422,0.0,553800
2025-11-24,41.09103775024414,0.0,41.130001068115234,0.0,41.189998626708984,40.52000045776367,40.52000045776367,0.0,435800
2025-11-25,41.39075469970703,0.0,41.43000030517578,0.0,41.51499938964844,40.72999954223633,41.040000915527344,0.0,690000
2025-11-26,41.730430603027344,0.0,41.77000045776367,0.0,41.8849983215332,41.525001525878906,41.66999816894531,0.0,1029200
2025-11-28,41.880287170410156,0.0,41.91999816894531,0.0,41.93000030517578,41.744998931884766,41.81999969482422,0.0,396100
2025-12-01,41.740421295166016,0.0,41.779998779296875,0.0,41.895999908447266,41.505001068115234,41.540000915527344,0.0,1823500
2025-12-02,41.920249938964844,0.0,41.959999084472656,0.0,42.189998626708984,41.81999969482422,41.959999084472656,0.0,886200
2025-12-03,41.880287170410156,0.0,41.91999816894531,0.0,42.0099983215332,41.64500045776367,41.81999969482422,0.0,568400
2025-12-04,41.950225830078125,0.0,41.9900016784668,0.0,42.06999969482422,41.77000045776367,42.06999969482422,0.0,461200
2025-12-05,42.10007858276367,0.0,42.13999938964844,0.0,42.279998779296875,42.0,42.04999923706055,0.0,539300
2025-12-08,42.030147552490234,0.0,42.06999969482422,0.0,42.310001373291016,41.91999816894531,42.189998626708984,0.0,448400
2025-12-09,42.040138244628906,0.0,42.08000183105469,0.0,42.165000915527344,41.95000076293945,41.9900016784668,0.0,312400
2025-12-10,42.090091705322266,0.0,42.130001068115234,0.0,42.22999954223633,41.790000915527344,42.0,0.0,756700
2025-12-11,42.060115814208984,0.0,42.099998474121094,0.0,42.13999938964844,41.564998626708984,41.939998626708984,0.0,309700
2025-12-12,41.380760192871094,0.0,41.41999816894531,0.0,41.9900016784668,41.2400016784668,41.939998626708984,0.0,332400
2025-12-15,41.21092224121094,0.0,41.25,0.0,41.66999816894531,41.16999816894531,41.66999816894531,0.0,352700
2025-12-16,41.29085159301758,0.0,41.33000183105469,0.0,41.439998626708984,41.005001068115234,41.150001525878906,0.0,689100
2025-12-17,40.60150146484375,0.0,40.63999938964844,0.0,41.41999816894531,40.6349983215332,41.41999816894531,0.0,344500
2025-12-18,41.13099670410156,0.0,41.16999816894531,0.0,41.380001068115234,40.959999084472656,41.11000061035156,0.0,322400
2025-12-19,41.72999954223633,0.0,41.72999954223633,0.039,41.72999954223633,41.31999969482422,41.36000061035156,0.0,353900
2025-12-22,41.93000030517578,0.0,41.93000030517578,0.0,42.0,41.810001373291016,41.970001220703125,0.0,751100
2025-12-23,42.22999954223633,0.0,42.22999954223633,0.0,42.236000061035156,41.84000015258789,41.84000015258789,0.0,379600
2025-12-24,42.29999923706055,0.0,42.29999923706055,0.0,42.349998474121094,42.16999816894531,42.16999816894531,0.0,282300
2025-12-26,42.310001373291016,0.0,42.310001373291016,0.0,42.45000076293945,42.275001525878906,42.33000183105469,0.0,247800
2025-12-29,42.11000061035156,0.0,42.11000061035156,0.0,42.18000030517578,41.98500061035156,42.09000015258789,0.0,432400
2025-12-30,42.029998779296875,0.0,42.029998779296875,0.0,42.15800094604492,42.0,42.06999969482422,0.0,356300
2025-12-31,41.70000076293945,0.0,41.70000076293945,0.0,42.06999969482422,41.70000076293945,42.06999969482422,0.0,303200
2026-01-02,41.599998474121094,0.0,41.599998474121094,0.0,42.189998626708984,41.380001068115234,41.970001220703125,0.0,515300
2026-01-05,41.66999816894531,0.0,41.66999816894531,0.0,41.90999984741211,41.6150016784668,41.84000015258789,0.0,454400
2026-01-06,41.810001373291016,0.0,41.810001373291016,0.0,41.880001068115234,41.54499816894531,41.689998626708984,0.0,496100
2026-01-07,42.02000045776367,0.0,42.02000045776367,0.0,42.279998779296875,41.81999969482422,41.880001068115234,0.0,293200
2026-01-08,41.65999984741211,0.0,41.65999984741211,0.0,41.97999954223633,41.48500061035156,41.97999954223633,0.0,1656800
2026-01-09,41.81999969482422,0.0,41.81999969482422,0.0,41.90999984741211,41.529998779296875,41.689998626708984,0.0,510300
2026-01-12,41.849998474121094,0.0,41.849998474121094,0.0,42.005001068115234,41.560001373291016,41.560001373291016,0.0,508700
2026-01-13,41.77000045776367,0.0,41.77000045776367,0.0,41.93600082397461,41.56999969482422,41.869998931884766,0.0,615000
2026-01-14,41.20000076293945,0.0,41.20000076293945,0.0,41.555999755859375,40.89500045776367,41.540000915527344,0.0,602200
2026-01-15,41.2400016784668,0.0,41.2400016784668,0.0,41.56999969482422,41.18000030517578,41.560001373291016,0.0,806800
2026-01-16,41.150001525878906,0.0,41.150001525878906,0.0,41.439998626708984,41.11000061035156,41.43000030517578,0.0,663100
2026-01-20,40.15999984741211,0.0,40.15999984741211,0.0,40.63999938964844,40.099998474121094,40.439998626708984,0.0,994100
2026-01-21,40.54999923706055,0.0,40.54999923706055,0.0,40.82500076293945,40.06999969482422,40.2400016784668,0.0,921500
2026-01-22,40.869998931884766,0.0,40.869998931884766,0.0,40.959999084472656,40.72999954223633,40.900001525878906,0.0,626700
2026-01-23,40.95000076293945,0.0,40.95000076293945,0.0,41.14500045776367,40.7599983215332,40.880001068115234,0.0,538100
2026-01-26,41.27000045776367,0.0,41.27000045776367,0.0,41.38999938964844,40.970001220703125,41.0,0.0,382500
2026-01-27,41.56999969482422,0.0,41.56999969482422,0.0,41.685001373291016,41.41999816894531,41.54999923706055,0.0,359900
2026-01-28,41.459999084472656,0.0,41.459999084472656,0.0,41.65999984741211,41.290000915527344,41.65999984741211,0.0,460300
2026-01-29,41.25,0.0,41.25,0.0,41.39500045776367,40.470001220703125,41.36000061035156,0.0,892300
2026-01-30,40.97999954223633,0.0,40.97999954223633,0.0,41.22999954223633,40.810001373291016,41.060001373291016,0.0,420000
2026-02-02,41.189998626708984,0.0,41.189998626708984,0.0,41.32500076293945,40.810001373291016,40.810001373291016,0.0,453500
2026-02-03,40.400001525878906,0.0,40.400001525878906,0.0,41.22999954223633,40.08000183105469,41.22999954223633,0.0,529500
2026-02-04,40.040000915527344,0.0,40.040000915527344,0.0,40.47999954223633,39.63999938964844,40.459999084472656,0.0,908900
2026-02-05,39.400001525878906,0.0,39.400001525878906,0.0,39.869998931884766,39.279998779296875,39.68000030517578,0.0,505000
2026-02-06,40.25,0.0,40.25,0.0,40.34000015258789,39.59000015258789,39.66999816894531,0.0,550100
2026-02-09,40.58000183105469,0.0,40.58000183105469,0.0,40.715999603271484,40.099998474121094,40.20000076293945,0.0,444800
2026-02-10,40.38999938964844,0.0,40.38999938964844,0.0,40.7400016784668,40.334999084472656,40.66999816894531,0.0,1112700
2026-02-11,40.15999984741211,0.0,40.15999984741211,0.0,40.720001220703125,40.0,40.720001220703125,0.0,1043600
2026-02-12,39.41999816894531,0.0,39.41999816894531,0.0,40.334999084472656,39.34000015258789,40.29999923706055,0.0,617800
2026-02-13,39.189998626708984,0.0,39.189998626708984,0.0,39.57500076293945,39.095001220703125,39.4900016784668,0.0,521600
2026-02-17,39.41999816894531,0.0,39.41999816894531,0.0,39.595001220703125,38.84000015258789,39.06999969482422,0.0,668300
2026-02-18,39.66999816894531,0.0,39.66999816894531,0.0,39.869998931884766,39.41999816894531,39.5,0.0,548700
2026-02-19,39.560001373291016,0.0,39.560001373291016,0.0,39.66999816894531,39.35499954223633,39.4900016784668,0.0,588400
2026-02-20,39.90999984741211,0.0,39.90999984741211,0.0,40.0,39.380001068115234,39.380001068115234,0.0,643900
2026-02-23,39.369998931884766,0.0,39.369998931884766,0.0,39.900001525878906,39.209999084472656,39.810001373291016,0.0,863900
2026-02-24,39.810001373291016,0.0,39.810001373291016,0.0,39.86800003051758,39.20199966430664,39.34000015258789,0.0,337400
2026-02-25,40.29999923706055,0.0,40.29999923706055,0.0,40.34600067138672,40.02000045776367,40.02000045776367,0.0,510800
2026-02-26,39.900001525878906,0.0,39.900001525878906,0.0,40.279998779296875,39.5,40.279998779296875,0.0,697000
2026-02-27,39.54999923706055,0.0,39.54999923706055,0.0,39.63999938964844,39.34000015258789,39.380001068115234,0.0,364000
